rva	end_rva	size	name	source	aligned
0x10000	0x10501	0x501	_init_main2	main.c	yes
0x10501	0x10585	0x84	_main	main.c	yes
0x10585	0x105B2	0x2D	_trymain	main.c	yes
0x105B2	0x1074F	0x19D	MAIN_COMPILE	main.c	yes
0x1074F	0x10767	0x18	GETCURRENTPATH	main.c	yes
0x10767	0x1077D	0x16	OPENFILENAME	main.c	yes
0x1077D	0x10789	0xC	_handling_function	main.c	yes
0x10789	0x107D3	0x4A	TO_HUMAN	main.c	yes
0x107E0	0x1088D	0xAD	GET_KEYWORD	p0keys.c	yes
0x1088D	0x108BB	0x2E	IS_KEYWORD	p0keys.c	yes
0x108BB	0x108D5	0x1A	CLEAR_KEYWORD	p0keys.c	yes
0x108D5	0x10960	0x8B	IS_PKEYWORD	p0keys.c	yes
0x10960	0x109EE	0x8E	IS_PRAGMA	p0keys.c	yes
0x109F0	0x10A1C	0x2C	CVINITTYPES	typemit.c	yes
0x10A1C	0x10B30	0x114	CVASSIGNTYPE	typemit.c	yes
0x10B30	0x10BB8	0x88	PRIMITIVEINDIRECTIONTINDEX	typemit.c	yes
0x10BB8	0x10C38	0x80	PARTIALPRIMITIVETINDEX	typemit.c	yes
0x10C38	0x10CB9	0x81	PRIMITIVETINDEX	typemit.c	yes
0x10CB9	0x10D05	0x4C	ASSIGNFUNCTINDEX	typemit.c	yes
0x10D05	0x10D83	0x7E	ASSIGNPLIST	typemit.c	yes
0x10D83	0x10E14	0x91	CVASSIGNCLASSTINDEX	typemit.c	yes
0x10E14	0x10E7D	0x69	ALLOCCVTYPETABLE	typemit.c	yes
0x10E7D	0x10EBE	0x41	CLEARCVTYPETABLE	typemit.c	yes
0x10EBE	0x1103B	0x17D	CVEMITTYPES	typemit.c	yes
0x1103B	0x11202	0x1C7	EMITPTRTYPE	typemit.c	yes
0x11202	0x1124B	0x49	EMITARRAYTYPE	typemit.c	yes
0x1124B	0x11344	0xF9	EMITCLASSTYPE	typemit.c	yes
0x11344	0x113EB	0xA7	EMITSTRUCTTLIST	typemit.c	yes
0x113EB	0x114C2	0xD7	EMITSTRUCTNLIST	typemit.c	yes
0x114C2	0x1151E	0x5C	EMITBITFIELD	typemit.c	yes
0x1151E	0x115D3	0xB5	EMITFUNCTYPE	typemit.c	yes
0x115D3	0x1166B	0x98	EMITPARMLIST	typemit.c	yes
0x1166B	0x116B2	0x47	EMITTYPEREC	typemit.c	yes
0x116B2	0x116CC	0x1A	SET_INDEX	typemit.c	yes
0x116CC	0x116EA	0x1E	SET_CVSYMOFF	typemit.c	yes
0x116EA	0x11744	0x5A	SET_SIGNED	typemit.c	yes
0x11744	0x11793	0x4F	SET_UNSIGNED	typemit.c	yes
0x11793	0x117D2	0x3F	SET_NAME	typemit.c	yes
0x117E0	0x1180C	0x2C	RM_BTMOD	symbols.c	yes
0x1180C	0x1188C	0x80	DECLARESYMBOL	symbols.c	yes
0x1188C	0x11907	0x7B	ATTRIBUTESYMBOL	symbols.c	yes
0x11907	0x11A45	0x13E	ALLOCATESYMBOL	symbols.c	yes
0x11A45	0x11A7D	0x38	MODREMOVEMEMMODS	symbols.c	yes
0x11A7D	0x11B2B	0xAE	SAME_MODS	symbols.c	yes
0x11B2B	0x11B67	0x3C	CBFORMALS	symbols.c	yes
0x11B67	0x11EE2	0x37B	TYPESYMBOL	symbols.c	yes
0x11EE2	0x11FCE	0xEC	INCURRENTLEVEL	symbols.c	yes
0x11FCE	0x120F5	0x127	INLEVELN	symbols.c	yes
0x120F5	0x12148	0x53	TOLEVEL0	symbols.c	yes
0x12148	0x12174	0x2C	BASEDALLOCATION	symbols.c	yes
0x12174	0x122CA	0x156	CHK_ENTRY	symbols.c	yes
0x122CA	0x1231D	0x53	DEREG	symbols.c	yes
0x1231D	0x123FB	0xDE	REDEFINED	symbols.c	yes
0x123FB	0x12455	0x5A	SAME_CLASS	symbols.c	yes
0x12455	0x124C3	0x6E	F_DECLARATION	symbols.c	yes
0x124C3	0x125B1	0xEE	SAME_INDIR	symbols.c	yes
0x125B1	0x1262B	0x7A	ENTERSYMBOL	symbols.c	yes
0x1262B	0x1268E	0x63	GET_SYMBOL	symbols.c	yes
0x1268E	0x126F8	0x6A	CMPCASEINS	symbols.c	yes
0x126F8	0x12773	0x7B	GETSYMBOLCASEINS	symbols.c	yes
0x12773	0x12798	0x25	LOOK_SYMBOL	symbols.c	yes
0x12798	0x127EA	0x52	LOOKSYMBOLCASEINS	symbols.c	yes
0x127EA	0x12830	0x46	LOOKSEGMENT	symbols.c	yes
0x12830	0x12850	0x20	NEW_KEY	symbols.c	yes
0x12850	0x12855	0x5	IS_HUGE	symbols.c	yes
0x12855	0x128A2	0x4D	ALLOCSEGMENT	symbols.c	yes
0x128A2	0x128DB	0x39	INITDEFAULTSYMBOLS	symbols.c	yes
0x128DB	0x12972	0x97	NEWSEGMENT	symbols.c	yes
0x12972	0x12A5A	0xE8	SAME_SEGMENT	symbols.c	yes
0x12A5A	0x12AB4	0x5A	ENTER_BLOCK	symbols.c	yes
0x12AB4	0x12B2B	0x77	LEAVE_BLOCK	symbols.c	yes
0x12B2B	0x12B74	0x49	LINK_DEAD	symbols.c	yes
0x12B74	0x12BD1	0x5D	DDEAD1	symbols.c	yes
0x12BD1	0x12C8F	0xBE	DDEAD	symbols.c	yes
0x12C90	0x12CCA	0x3A	ALLOC_TYPE	types.c	yes
0x12CCA	0x12EE8	0x21E	YYCHECKBTTYPES	types.c	yes
0x12EE8	0x12F43	0x5B	YYMERGEQUAL	types.c	yes
0x12F43	0x12FD9	0x96	YYMERGETYPE	types.c	yes
0x12FD9	0x13036	0x5D	CHECK_BTMODS	types.c	yes
0x13036	0x1304C	0x16	YYCOPYTYPE	types.c	yes
0x1304C	0x13171	0x125	YYCOOKTYPE	types.c	yes
0x13171	0x1320C	0x9B	HASH_TYPE	types.c	yes
0x1320C	0x13310	0x104	HASH_INDIR	types.c	yes
0x13310	0x1335D	0x4D	GETPVOID	types.c	yes
0x1335D	0x1345E	0x101	GET_FUNCRET	types.c	yes
0x1345E	0x1347D	0x1F	SKIPALLOCINDIR	types.c	yes
0x1347D	0x13555	0xD8	FIX_INDIR	types.c	yes
0x13555	0x13588	0x33	CHOPFIRSTINDIRECTION	types.c	yes
0x13588	0x135B5	0x2D	PTYPEADDPFUNC	types.c	yes
0x135B5	0x135FA	0x45	PTYPEADDTMPINDIR	types.c	yes
0x135FA	0x1363B	0x41	ADD_INDIR	types.c	yes
0x1363B	0x1367D	0x42	ADDTMPSEGMENTINDIR	types.c	yes
0x1367D	0x136BF	0x42	ADDSEGMENTINDIR	types.c	yes
0x136BF	0x136EA	0x2B	COPY_TYPE	types.c	yes
0x136EA	0x13712	0x28	INDIRECT_TYPE	types.c	yes
0x13712	0x137AF	0x9D	NEW_INDIR	types.c	yes
0x137AF	0x137C5	0x16	T_ERR	types.c	yes
0x137C5	0x137F7	0x32	CRVOIDLIST	types.c	yes
0x137F7	0x13987	0x190	CREATE_FLIST	types.c	yes
0x13990	0x13A37	0xA7	STR_TYPE	const.c	yes
0x13A37	0x13AFE	0xC7	BUILD_CONST	const.c	yes
0x13AFE	0x13B2D	0x2F	BUILDCINT	const.c	yes
0x13B2D	0x140A8	0x57B	CRUSH_BCONS	const.c	yes
0x140A8	0x142AF	0x207	FLOAT_OP	const.c	yes
0x142AF	0x142D7	0x28	NEWREAL	const.c	yes
0x142E0	0x1431D	0x3D	ALLOC_TREE	trees.c	yes
0x1431D	0x14372	0x55	RESULT_TYPE	trees.c	yes
0x14372	0x143AB	0x39	BUILD_EXTRACT	trees.c	yes
0x143AB	0x14B87	0x7DC	BUILD_BINARY	trees.c	yes
0x14B87	0x14BDE	0x57	PTYPEARRAYTOPOINTER	trees.c	yes
0x14BDE	0x14C03	0x25	FINDSUPOINTER	trees.c	yes
0x14C03	0x15163	0x560	BUILD_UNARY	trees.c	yes
0x15163	0x15450	0x2ED	TYPE_CHECK	trees.c	yes
0x15450	0x1548A	0x3A	TRTR_TYPE	trees.c	yes
0x1548A	0x155A1	0x117	TYTR_TYPE	trees.c	yes
0x155A1	0x15A48	0x4A7	TYTY_TYPE	trees.c	yes
0x15A48	0x15ACB	0x83	CHECKCONSTATTRIB	trees.c	yes
0x15ACB	0x15BA5	0xDA	CHECKBASEDATTRIBUTES	trees.c	yes
0x15BA5	0x15C15	0x70	SAMEATTRIBUTES	trees.c	yes
0x15C15	0x15C3C	0x27	BUILD_HYBRID	trees.c	yes
0x15C3C	0x15CCD	0x91	BUILD_SNODE	trees.c	yes
0x15CCD	0x15CF9	0x2C	BAD_OP	trees.c	yes
0x15CF9	0x15D90	0x97	NOT_STUN	trees.c	yes
0x15D90	0x15DC1	0x31	IS_STUN	trees.c	yes
0x15DC1	0x15EAA	0xE9	PREPARELVALUE	trees.c	yes
0x15EAA	0x15EDC	0x32	CHECKVOIDINDIRECTION	trees.c	yes
0x15EDC	0x16019	0x13D	BUILDSEGOP	trees.c	yes
0x16020	0x1605B	0x3B	IBASEDONPOINTER	based.c	yes
0x1605B	0x160C4	0x69	GETBASEDSYMBOL	based.c	yes
0x160C4	0x16156	0x92	SEGMENTCASTPOINTER	based.c	yes
0x16156	0x161DA	0x84	SEGMENTCASTIDENTIFIER	based.c	yes
0x161DA	0x161FE	0x24	SEGMENTCASTSELF	based.c	yes
0x161FE	0x162D4	0xD6	BASEOF	based.c	yes
0x162D4	0x16368	0x94	BASEDADDR	based.c	yes
0x16368	0x163B4	0x4C	DEBASE	based.c	yes
0x163C0	0x1641D	0x5D	FIND_SYM	gramut.c	yes
0x1641D	0x1643D	0x20	ENTER_LABEL	gramut.c	yes
0x1643D	0x16479	0x3C	GET_LABEL	gramut.c	yes
0x16479	0x164EA	0x71	DEFINEUSERLABEL	gramut.c	yes
0x164EA	0x1652F	0x45	MAKEMYLABEL	gramut.c	yes
0x1652F	0x16596	0x67	DUMP_LABELS	gramut.c	yes
0x16596	0x165CE	0x38	EHMARKLABELS	gramut.c	yes
0x165CE	0x16607	0x39	BUILD_CAST	gramut.c	yes
0x16607	0x169E9	0x3E2	CAST_CHECK	gramut.c	yes
0x169E9	0x16ACC	0xE3	CAST_VALID	gramut.c	yes
0x16ACC	0x16B33	0x67	CAST_CONST	gramut.c	yes
0x16B33	0x16B72	0x3F	VOID_PTR	gramut.c	yes
0x16B72	0x16BD3	0x61	SIZE_TERM	gramut.c	yes
0x16BD3	0x16C27	0x54	SIZE_CONST	gramut.c	yes
0x16C27	0x16C44	0x1D	ISUDT	gramut.c	yes
0x16C44	0x16C6A	0x26	ISTYPEUDT	gramut.c	yes
0x16C6A	0x16C9F	0x35	CON_E	gramut.c	yes
0x16C9F	0x16CCC	0x2D	TAIL_LINK	gramut.c	yes
0x16CCC	0x16DC8	0xFC	CHECK_EMPTY_DECL	gramut.c	yes
0x16DC8	0x16E72	0xAA	ASMDEFINELABEL	gramut.c	yes
0x16E72	0x17185	0x313	CANONMODIFIERS	gramut.c	yes
0x17185	0x171E8	0x63	DEFAULTSYMBOL	gramut.c	yes
0x171E8	0x1722B	0x43	MAKESYMBOL	gramut.c	yes
0x1722B	0x17253	0x28	MODIFYSYMBOL	gramut.c	yes
0x17253	0x1729C	0x49	MAKEABSTRACTSYMBOL	gramut.c	yes
0x1729C	0x172AD	0x11	IDENT	gramut.c	yes
0x172AD	0x172BE	0x11	IDENTOP	gramut.c	yes
0x172BE	0x17357	0x99	IDENTMAYBEOP	gramut.c	yes
0x17357	0x173CB	0x74	BUILDIDENT	gramut.c	yes
0x173CB	0x173E1	0x16	W40_WARNING	gramut.c	yes
0x173E1	0x173FC	0x1B	W47_WARNING	gramut.c	yes
0x173FC	0x17418	0x1C	W1_WARNING	gramut.c	yes
0x17418	0x17433	0x1B	W79_WARNING	gramut.c	yes
0x17433	0x1744E	0x1B	W80_WARNING	gramut.c	yes
0x1744E	0x17467	0x19	W112_WARNING	gramut.c	yes
0x17470	0x1749E	0x2E	LOOK_TAG	esu.c	yes
0x1749E	0x1750F	0x71	GET_TAG	esu.c	yes
0x1750F	0x17743	0x234	DEFINEESU	esu.c	yes
0x17743	0x177CB	0x88	DEFINEPARTIALTAG	esu.c	yes
0x177CB	0x178C1	0xF6	REFERENCEESU	esu.c	yes
0x178C1	0x17971	0xB0	LEAVEENUM	esu.c	yes
0x17971	0x17A33	0xC2	LEAVESU	esu.c	yes
0x17A33	0x17A5A	0x27	ASMLOOKMEMBER	esu.c	yes
0x17A5A	0x17B2C	0xD2	ASMFINDMEMBER	esu.c	yes
0x17B2C	0x17B63	0x37	_SzUdtKeywd	esu.c	yes
0x17B63	0x18289	0x726	REVERSEINDIRECTION	esu.c	yes
0x18289	0x182BC	0x33	PTAGFOROBJECT	esu.c	yes
0x182C0	0x182FA	0x3A	CLEARINSTRUCTION	ainline.c	yes
0x182FA	0x18363	0x69	RESETOPERAND	ainline.c	yes
0x18363	0x183C0	0x5D	SETOPCODES	ainline.c	yes
0x183C0	0x183F8	0x38	ASMPTR	ainline.c	yes
0x183F8	0x18446	0x4E	JMPMCODE	ainline.c	yes
0x18446	0x1849A	0x54	ASMTYPEOPR	ainline.c	yes
0x1849A	0x184D0	0x36	ASMLENGTHOPR	ainline.c	yes
0x184D0	0x1855D	0x8D	ASMSETSIZE	ainline.c	yes
0x1855D	0x18650	0xF3	ASMSTRUCTOFFSET	ainline.c	yes
0x18650	0x18668	0x18	ASMADDOFFSET	ainline.c	yes
0x18668	0x18708	0xA0	ASMSEARCHSYMBOL	ainline.c	yes
0x18708	0x18796	0x8E	ASMCONTEXT	ainline.c	yes
0x18796	0x187B2	0x1C	ASMNFCPYSTR	ainline.c	yes
0x187B2	0x187F6	0x44	INLINE_ASSEMBLER	ainline.c	yes
0x18950	0x19259	0x909	ASM_YYPARSE	agrammar.c	yes
0x19260	0x1926E	0xE	ASMALLOCATREE	atrees.c	yes
0x1926E	0x19458	0x1EA	ASMCONSTOP	atrees.c	yes
0x19458	0x1948C	0x34	ASMSCALELOG2	atrees.c	yes
0x1948C	0x19547	0xBB	ASMSCALEOP	atrees.c	yes
0x19547	0x1961E	0xD7	ASMOP	atrees.c	yes
0x1961E	0x196A5	0x87	ASMCONSTUNOP	atrees.c	yes
0x196A5	0x196BC	0x17	ASMCONSTVAL	atrees.c	yes
0x196BC	0x1980A	0x14E	ASMSYMBOL	atrees.c	yes
0x1980A	0x19875	0x6B	ASMCOLONOPR	atrees.c	yes
0x19875	0x198D4	0x5F	ASMSEGOPR	atrees.c	yes
0x198D4	0x1995A	0x86	ASMOFFSETOPR	atrees.c	yes
0x1995A	0x19A77	0x11D	ASMREGBASE	atrees.c	yes
0x19A77	0x19B3E	0xC7	REGISTER	atrees.c	yes
0x19B3E	0x19BE4	0xA6	FLOATREG	atrees.c	yes
0x19BF0	0x19CD8	0xE8	ASM_YYLEX	alexer.c	yes
0x19CD8	0x19EEB	0x213	ASMIDENTIFIER	alexer.c	yes
0x19EEB	0x19F6C	0x81	ASMRSEARCH	alexer.c	yes
0x19F6C	0x19FED	0x81	ASMOSEARCH	alexer.c	yes
0x19FED	0x1A02B	0x3E	CHECKBINARYNUMBER	alexer.c	yes
0x1A02B	0x1A286	0x25B	ASMGETNUM	alexer.c	yes
0x1A286	0x1A30B	0x85	ASMDUMPCOMMENT	alexer.c	yes
0x1A30B	0x1A34D	0x42	ASMEXITEOL	alexer.c	yes
0x1A350	0x1A3F4	0xA4	DIRECTIVE	aoutline.c	yes
0x1A3F4	0x1A509	0x115	MERGESIZES	aoutline.c	yes
0x1A509	0x1A775	0x26C	CHECKSIZE	aoutline.c	yes
0x1A775	0x1A78C	0x17	SWAPPOINTERS	aoutline.c	yes
0x1A78C	0x1A88B	0xFF	ASMFLOATOPCODE	aoutline.c	yes
0x1A88B	0x1A8B8	0x2D	ASMCONTEXT_ERROR	aoutline.c	yes
0x1A8B8	0x1A9A1	0xE9	OPERANDWALK	aoutline.c	yes
0x1A9A1	0x1ADC9	0x428	MERGEOPERANDS	aoutline.c	yes
0x1ADC9	0x1AE30	0x67	ASMSEGOPCODE	aoutline.c	yes
0x1AE30	0x1AEBF	0x8F	HICMODE	aoutline.c	yes
0x1AEBF	0x1AEDF	0x20	ASMSYMKEY	aoutline.c	yes
0x1AEDF	0x1B117	0x238	CREATEASMSTRING	aoutline.c	yes
0x1B117	0x1B277	0x160	OPERANDCOUNT	aoutline.c	yes
0x1B277	0x1B29A	0x23	BITSIZE	aoutline.c	yes
0x1B29A	0x1B2E1	0x47	OPERANDTYPE	aoutline.c	yes
0x1B2E1	0x1B306	0x25	OPERANDSIZEMATCH	aoutline.c	yes
0x1B306	0x1B933	0x62D	OPERANDCHECK	aoutline.c	yes
0x1B933	0x1B978	0x45	ASSEMBLE	aoutline.c	yes
0x1B980	0x1BB2A	0x1AA	DFLT_INTRINSIC	intrin.c	yes
0x1BB2A	0x1BBB5	0x8B	IS_INTRINSIC	intrin.c	yes
0x1BBB5	0x1BC2C	0x77	INTRINSIC	intrin.c	yes
0x1BC2C	0x1BC95	0x69	FUNCTION	intrin.c	yes
0x1BC95	0x1BCDD	0x48	DEINTRINSIC	intrin.c	yes
0x1BCE0	0x1BCFB	0x1B	INITIDBUFFER	p0id.c	yes
0x1BCFB	0x1BD5D	0x62	IDENTIFIEREOB	p0id.c	yes
0x1BD5D	0x1BE1F	0xC2	GETID	p0id.c	yes
0x1BE1F	0x1BEFE	0xDF	LEX_GETID	p0id.c	yes
0x1BEFE	0x1BF81	0x83	ADDSTRINGTOIDLIST	p0id.c	yes
0x1BF81	0x1BF93	0x12	P0IDINITCOPYSTRING	p0id.c	yes
0x1BF93	0x1BFE9	0x56	P0IDCOPYSTRING	p0id.c	yes
0x1BFE9	0x1C033	0x4A	P0IDADDCOPYSTRING	p0id.c	yes
0x1C033	0x1C0C7	0x94	ADDTOIDLIST	p0id.c	yes
0x1C0D0	0x1C0F5	0x25	LOCAL_C_HASH	p0scan.c	yes
0x1C0F5	0x1C28C	0x197	PREP_STRING	p0scan.c	yes
0x1C28C	0x1C2CD	0x41	MYMBTOWC	p0scan.c	yes
0x1C2CD	0x1C466	0x199	CHAR_CONST	p0scan.c	yes
0x1C466	0x1C496	0x30	MYMBSTOWCS	p0scan.c	yes
0x1C496	0x1C523	0x8D	MBSTOWCSMOVE	p0scan.c	yes
0x1C523	0x1C680	0x15D	STR_CONST	p0scan.c	yes
0x1C680	0x1C718	0x98	STR_CONCAT	p0scan.c	yes
0x1C718	0x1C842	0x12A	DO_NEWLINE	p0scan.c	yes
0x1C842	0x1CA55	0x213	GETNUM	p0scan.c	yes
0x1CA55	0x1CC15	0x1C0	GET_REAL	p0scan.c	yes
0x1CC15	0x1CCDF	0xCA	CHECKINTEGER	p0scan.c	yes
0x1CCDF	0x1CCF4	0x15	UC_SIZE	p0scan.c	yes
0x1CCF4	0x1CCF9	0x5	C_SIZE	p0scan.c	yes
0x1CCF9	0x1CD0E	0x15	L_SIZE	p0scan.c	yes
0x1CD0E	0x1CD13	0x5	UL_SIZE	p0scan.c	yes
0x1CD13	0x1CD3C	0x29	CTOI	p0scan.c	yes
0x1CD3C	0x1CF52	0x216	ESCAPE	p0scan.c	yes
0x1CF52	0x1CF77	0x25	CHECKOP	p0scan.c	yes
0x1CF77	0x1CFC0	0x49	SKIPSLASHCOMMENT	p0scan.c	yes
0x1CFC0	0x1D076	0xB6	DUMPSLASHCOMMENT	p0scan.c	yes
0x1D076	0x1D14E	0xD8	DUMPSTARCOMMENT	p0scan.c	yes
0x1D14E	0x1D1C7	0x79	SKIPSTARCOMMENT	p0scan.c	yes
0x1D1C7	0x1D240	0x79	SKIPCOMMENT	p0scan.c	yes
0x1D240	0x1D2A6	0x66	SKIP_CWHITE	p0scan.c	yes
0x1D2A6	0x1D313	0x6D	CHECKNL	p0scan.c	yes
0x1D313	0x1D363	0x50	GET_NON_EOF	p0scan.c	yes
0x1D370	0x1D392	0x22	DOMALLOC	Common\qcalloc	yes
0x1D392	0x1D3BB	0x29	DOREALLOC	Common\qcalloc	yes
0x1D3C0	0x1D3CF	0xF	FSIZEOFALLOCATION	thunk.c	yes
0x1D3CF	0x1D3DE	0xF	FGETSYMBOLCASEINS	thunk.c	yes
0x1D3DE	0x1D3ED	0xF	FGET_LABEL	thunk.c	yes
0x1D3ED	0x1D3FC	0xF	FENTER_LABEL	thunk.c	yes
0x1D3FC	0x1D40F	0x13	FDEFAULTSYMBOL	thunk.c	yes
0x1D40F	0x1D421	0x12	FCMPCASEINS	thunk.c	yes
0x1D421	0x1D434	0x13	FBUILD_CONST	thunk.c	yes
0x1D434	0x1D443	0xF	FGET_SYMBOL	thunk.c	yes
0x1D443	0x1D452	0xF	FHASH_TYPE	thunk.c	yes
0x1D452	0x1D458	0x6	FYYPARSE	thunk.c	yes
0x1D458	0x1D467	0xF	FINIT_STRING	thunk.c	yes
0x1D467	0x1D476	0xF	FSTR_TYPE	thunk.c	yes
0x1D476	0x1D47C	0x6	FALLOC_TREE	thunk.c	yes
0x1D47C	0x1D48B	0xF	FBUILDCINT	thunk.c	yes
0x1D48B	0x1D49F	0x14	FGET_FUNCRET	thunk.c	yes
0x1D49F	0x1D4AE	0xF	FELEMENT_SIZE	thunk.c	yes
0x1D4AE	0x1D4BD	0xF	FOP_PRAGMA	thunk.c	yes
0x1D4BD	0x1D4CF	0x12	FOP_TOIL	thunk.c	yes
0x1D4CF	0x1D4E0	0x11	FPTR_SIZE	thunk.c	yes
0x1D4E0	0x1D4EF	0xF	FSKIPALLOCINDIR	thunk.c	yes
0x1D4EF	0x1D4F5	0x6	FNEW_KEY	thunk.c	yes
0x1D4F5	0x1D504	0xF	FCHOPFIRSTINDIRECTION	thunk.c	yes
0x1D504	0x1D50A	0x6	FALLOC_TYPE	thunk.c	yes
0x1D50A	0x1D520	0x16	FBUILD_BINARY	thunk.c	yes
0x1D520	0x1D532	0x12	FBUILD_CAST	thunk.c	yes
0x1D532	0x1D541	0xF	FBUILD_EXTRACT	thunk.c	yes
0x1D541	0x1D557	0x16	FBUILD_HYBRID	thunk.c	yes
0x1D557	0x1D566	0xF	FBUILD_SNODE	thunk.c	yes
0x1D566	0x1D57C	0x16	FCANONMODIFIERS	thunk.c	yes
0x1D57C	0x1D591	0x15	FDATA_RECORDS	thunk.c	yes
0x1D591	0x1D5A3	0x12	FDECLARESYMBOL	thunk.c	yes
0x1D5A3	0x1D5BF	0x1C	FFIX_INDIR	thunk.c	yes
0x1D5BF	0x1D5CE	0xF	FHASH_INDIR	thunk.c	yes
0x1D5CE	0x1D5E3	0x15	FINIT_1	thunk.c	yes
0x1D5E3	0x1D5F2	0xF	FLABELTOIL	thunk.c	yes
0x1D5F2	0x1D601	0xF	FMAKEMYLABEL	thunk.c	yes
0x1D601	0x1D61A	0x19	FNEW_INDIR	thunk.c	yes
0x1D61A	0x1D636	0x1C	FPTYPEADDTMPINDIR	thunk.c	yes
0x1D636	0x1D64D	0x17	FSIZEOFTYPE	thunk.c	yes
0x1D64D	0x1D65C	0xF	FTTOIL	thunk.c	yes
0x1D65C	0x1D672	0x16	FTYTR_TYPE	thunk.c	yes
0x1D672	0x1D695	0x23	FLOSEINDIR	thunk.c	yes
0x1D695	0x1D6A4	0xF	FNEWREAL	thunk.c	yes
0x1D6A4	0x1D6AA	0x6	FGET_NON_EOF	thunk.c	yes
0x1D6AA	0x1D6B0	0x6	FHANDLE_EOS	thunk.c	yes
0x1D6B0	0x1D6B6	0x6	FSKIP_NLONLY	thunk.c	yes
0x1D6B6	0x1D6CB	0x15	FCHECKINTEGER	thunk.c	yes
0x1D6CB	0x1D6D1	0x6	FDO_NEWLINE	thunk.c	yes
0x1D6D1	0x1D6E6	0x15	FBUILD_ARG	thunk.c	yes
0x1D6E6	0x1D6F5	0xF	FTERM_FUNCT	thunk.c	yes
0x1D6F5	0x1D704	0xF	FFUNCT	thunk.c	yes
0x1D704	0x1D713	0xF	FCALL_CHECK	thunk.c	yes
0x1D720	0x1D86B	0x14B	FUNCT	function.c	yes
0x1D86B	0x1DA12	0x1A7	TERM_FUNCT	function.c	yes
0x1DA12	0x1DA77	0x65	GET_FUNCTYPELIST	function.c	yes
0x1DA77	0x1DAB6	0x3F	BUILD_ARG	function.c	yes
0x1DAB6	0x1DE96	0x3E0	CHECK_ACTUAL	function.c	yes
0x1DE96	0x1DEDF	0x49	CBACTUALS	function.c	yes
0x1DEDF	0x1E030	0x151	CALL_CHECK	function.c	yes
0x1E030	0x1E064	0x34	INITIAL	toinil.c	yes
0x1E064	0x1E0EA	0x86	INIT_1	toinil.c	yes
0x1E0EA	0x1E180	0x96	ADDR_SIZE	toinil.c	yes
0x1E180	0x1E6FD	0x57D	DATA_RECORDS	toinil.c	yes
0x1E6FD	0x1E7D9	0xDC	IS_SYMBOLIC	toinil.c	yes
0x1E7D9	0x1E805	0x2C	CONS_OFFSET	toinil.c	yes
0x1E805	0x1E884	0x7F	INIT_STRING	toinil.c	yes
0x1E890	0x1E992	0x102	START_FUNCTION	funcs.c	yes
0x1E992	0x1EB27	0x195	INTERNALSTARTFUNCTION	funcs.c	yes
0x1EB27	0x1EB58	0x31	CBFORMALSOLDSTYLE	funcs.c	yes
0x1EB58	0x1EE15	0x2BD	CHK_FUNC_BODY	funcs.c	yes
0x1EE15	0x1EE16	0x1	INTERNALENDFUNCTION	funcs.c	yes
0x1EE16	0x1EF33	0x11D	END_FUNCTION	funcs.c	yes
0x1EF33	0x1EFD0	0x9D	XFORMSYMBOLTOFUNCTION	funcs.c	yes
0x1EFD0	0x1F003	0x33	GOTFORMALLIST	funcs.c	yes
0x1F003	0x1F026	0x23	MAKEFUNCTION	funcs.c	yes
0x1F026	0x1F07C	0x56	UNIQUE_FORMAL	funcs.c	yes
0x1F07C	0x1F154	0xD8	FM_CHECK	funcs.c	yes
0x1F154	0x1F1E3	0x8F	OLDSTYLEFORMAL	funcs.c	yes
0x1F1E3	0x1F200	0x1D	DEFAULTFUNCTION	funcs.c	yes
0x1F200	0x1F24A	0x4A	DFLT_FORMAL	funcs.c	yes
0x1F250	0x1F2A2	0x52	NONZEROSIZEOFTYPE	sizes.c	yes
0x1F2A2	0x1F39C	0xFA	SIZEOFTYPE	sizes.c	yes
0x1F39C	0x1F41D	0x81	SIZEOFALLOCATION	sizes.c	yes
0x1F41D	0x1F44C	0x2F	BASIC_SIZE	sizes.c	yes
0x1F44C	0x1F494	0x48	ELEMENT_SIZE	sizes.c	yes
0x1F494	0x1F4CA	0x36	NUMBEROFELEMENTS	sizes.c	yes
0x1F4CA	0x1F528	0x5E	PTR_SIZE	sizes.c	yes
0x1F530	0x1F589	0x59	FREEMEM	Common\alloc.c	yes
0x1F589	0x1F62F	0xA6	GET_MEM	Common\alloc.c	yes
0x1F62F	0x1F663	0x34	NEAR_EVEN	Common\alloc.c	yes
0x1F663	0x1F697	0x34	FAR_EVEN	Common\alloc.c	yes
0x1F697	0x1F6C7	0x30	FBMALLOC	Common\alloc.c	yes
0x1F6D0	0x1F721	0x51	INITMACROBUFFER	p0macros.c	yes
0x1F721	0x1F795	0x74	UNDEFINE	p0macros.c	yes
0x1F795	0x1F881	0xEC	DEFINE	p0macros.c	yes
0x1F881	0x1F996	0x115	GET_FORMALS	p0macros.c	yes
0x1F996	0x1FABF	0x129	INSTALLDEFINE	p0macros.c	yes
0x1FABF	0x1FAE6	0x27	GET_DEFINED	p0macros.c	yes
0x1FAE6	0x1FB2E	0x48	REDEFN	p0macros.c	yes
0x1FB2E	0x1FDF2	0x2C4	GET_DEFINITION	p0macros.c	yes
0x1FDF2	0x1FE59	0x67	IS_MACRO_ARG	p0macros.c	yes
0x1FE59	0x1FE81	0x28	CHKBUF	p0macros.c	yes
0x1FE81	0x1FF35	0xB4	GATHER_CHARS	p0macros.c	yes
0x1FF35	0x2041D	0x4E8	CAN_EXPAND	p0macros.c	yes
0x2041D	0x20770	0x353	GET_ACTUALS	p0macros.c	yes
0x20770	0x20804	0x94	RESCAN_EXPANSION	p0macros.c	yes
0x20804	0x20896	0x92	MOVE_TO_ACTUAL	p0macros.c	yes
0x20896	0x2096E	0xD8	MOVE_TO_EXP_ESC	p0macros.c	yes
0x2096E	0x209B2	0x44	MOVE_TO_EXP	p0macros.c	yes
0x209B2	0x20A23	0x71	PUSH_MACRO	p0macros.c	yes
0x20A23	0x20A3D	0x1A	EXPAND_DEFINITION	p0macros.c	yes
0x20A3D	0x20A65	0x28	EXPAND_ACTUAL	p0macros.c	yes
0x20A65	0x20A9C	0x37	EXPAND_MACRO	p0macros.c	yes
0x20A9C	0x20AD3	0x37	POST_PASTE	p0macros.c	yes
0x20AD3	0x20B53	0x80	DO_MACFORMAL	p0macros.c	yes
0x20B53	0x20CE2	0x18F	TL_GETID	p0macros.c	yes
0x20CE2	0x20D2B	0x49	DO_STRFORMAL	p0macros.c	yes
0x20D2B	0x20E0C	0xE1	CAN_GET_NON_WHITE	p0macros.c	yes
0x20E0C	0x20E26	0x1A	FATAL_IN_MACRO	p0macros.c	yes
0x20E26	0x20E52	0x2C	HANDLEFILEEOS	p0macros.c	yes
0x20E52	0x20F31	0xDF	ITRIGRAPHEOS	p0macros.c	yes
0x20F31	0x2104F	0x11E	HANDLE_EOS	p0macros.c	yes
0x21050	0x21094	0x44	ASCFTIME	Common\qtime2.	yes
0x21094	0x210A4	0x10	GETCURTIME	Common\qtime2.	yes
0x210A4	0x210D3	0x2F	GETFTIME	Common\qtime2.	yes
0x210D3	0x2114F	0x7C	_DayOfWeek	Common\qtime2.	yes
0x21150	0x2116D	0x1D	INCR_IFSTACK	p0prepro.c	yes
0x2116D	0x21201	0x94	SYSTEMINCLUDE	p0prepro.c	yes
0x21201	0x2188B	0x68A	PREPROCESS	p0prepro.c	yes
0x2188B	0x21931	0xA6	SKIPTO	p0prepro.c	yes
0x21931	0x21A14	0xE3	IN_STANDARD	p0prepro.c	yes
0x21A14	0x21A42	0x2E	CHK_NEWLINE	p0prepro.c	yes
0x21A42	0x21AB2	0x70	SKIP_QUOTED	p0prepro.c	yes
0x21AB2	0x21B58	0xA6	NEXT_CONTROL	p0prepro.c	yes
0x21B58	0x21CC9	0x171	DO_DEFINED	p0prepro.c	yes
0x21CC9	0x21D00	0x37	SKIP_CNEW	p0prepro.c	yes
0x21D00	0x21D2E	0x2E	SKIP_NLONLY	p0prepro.c	yes
0x21D30	0x21DF8	0xC8	NEXTIS	p0expr.c	yes
0x21DF8	0x2209F	0x2A7	P0EVAL	p0expr.c	yes
0x2209F	0x2211B	0x7C	DO_CONSTEXPR	p0expr.c	yes
0x2211B	0x22168	0x4D	CONSTEXPR	p0expr.c	yes
0x22168	0x221B0	0x48	ORELSE	p0expr.c	yes
0x221B0	0x221F8	0x48	ANDIF	p0expr.c	yes
0x221F8	0x22223	0x2B	OR	p0expr.c	yes
0x22223	0x2224E	0x2B	XOR	p0expr.c	yes
0x2224E	0x22279	0x2B	AND	p0expr.c	yes
0x22279	0x222B4	0x3B	EQSET	p0expr.c	yes
0x222B4	0x2230D	0x59	RELATION	p0expr.c	yes
0x2230D	0x22348	0x3B	SHIFT	p0expr.c	yes
0x22348	0x2238D	0x45	PLUS	p0expr.c	yes
0x2238D	0x223D6	0x49	MULT	p0expr.c	yes
0x223D6	0x2242C	0x56	PRIM	p0expr.c	yes
0x2242C	0x22497	0x6B	CONSTANT	p0expr.c	yes
0x224A0	0x224BA	0x1A	GETTIMESTAMP	p0io.c	yes
0x224BA	0x226B2	0x1F8	OPENFILE	p0io.c	yes
0x226B2	0x226D7	0x25	_CloseAllSources	p0io.c	yes
0x226D7	0x227C3	0xEC	FPOP	p0io.c	yes
0x227C3	0x2288B	0xC8	NESTEDINCLUDE	p0io.c	yes
0x2288B	0x228CF	0x44	ESC_SEQUENCE	p0io.c	yes
0x228CF	0x22945	0x76	EMIT_LINE	p0io.c	yes
0x22945	0x229EA	0xA5	IO_EOB	p0io.c	yes
0x229EA	0x22D4B	0x361	P0_INIT	p0io.c	yes
0x22D4B	0x22D76	0x2B	WRITEMESSAGE	p0io.c	yes
0x22D80	0x22DD8	0x58	BUILD_STRUCT	p1_init.c	yes
0x22DD8	0x22E27	0x4F	AUTO_PAD	p1_init.c	yes
0x22E27	0x22E47	0x20	CREATE_INTRINSIC	p1_init.c	yes
0x22E47	0x22ECC	0x85	CARRAY_SIZE	p1_init.c	yes
0x22ECC	0x22F83	0xB7	INIT_AUTO1	p1_init.c	yes
0x22F83	0x2306F	0xEC	FIELD_VAR_INIT	p1_init.c	yes
0x2306F	0x2308F	0x20	INIT_AUTO_SCALAR	p1_init.c	yes
0x2308F	0x23133	0xA4	SETUP_INIT	p1_init.c	yes
0x23133	0x232FB	0x1C8	SIMPLE_INIT	p1_init.c	yes
0x232FB	0x233AE	0xB3	COMPLEX_INIT	p1_init.c	yes
0x233AE	0x23646	0x298	DO_INIT	p1_init.c	yes
0x23646	0x23689	0x43	GO_SCALAR	p1_init.c	yes
0x23689	0x2384E	0x1C5	PUSH_INIT	p1_init.c	yes
0x2384E	0x23A96	0x248	POP_INIT	p1_init.c	yes
0x23A96	0x23AFD	0x67	IS_CARRAY	p1_init.c	yes
0x23AFD	0x23B4A	0x4D	IS_SCALAR	p1_init.c	yes
0x23B4A	0x23C1F	0xD5	NEW_ITOS	p1_init.c	yes
0x23C1F	0x23C8B	0x6C	PUSH_CURLY	p1_init.c	yes
0x23C8B	0x23CE0	0x55	POP_CURLY	p1_init.c	yes
0x23CE0	0x23D0A	0x2A	SKIP_LCURLY	p1_init.c	yes
0x23D0A	0x23E69	0x15F	SKIP_MEMBER	p1_init.c	yes
0x23E69	0x23E86	0x1D	GET_SUB	p1_init.c	yes
0x23E86	0x23F92	0x10C	FINISH_INIT	p1_init.c	yes
0x23F92	0x24014	0x82	CARRAY_INIT	p1_init.c	yes
0x24014	0x24076	0x62	SKIP_CAST	p1_init.c	yes
0x24076	0x24111	0x9B	EMIT_DATAREC	p1_init.c	yes
0x24120	0x24258	0x138	CONST_INTRINSIC	toil.c	yes
0x24258	0x24301	0xA9	STOIL	toil.c	yes
0x24301	0x2434E	0x4D	SYMIL_KEY	toil.c	yes
0x2434E	0x243E2	0x94	SYMIL_SHORT	toil.c	yes
0x243E2	0x244A8	0xC6	SYMIL_LONG	toil.c	yes
0x244A8	0x24B9B	0x6F3	STOIL_1	toil.c	yes
0x24B9B	0x24BB3	0x18	TTOIL	toil.c	yes
0x24BB3	0x24D64	0x1B1	TTOIL_1	toil.c	yes
0x24D64	0x24D7E	0x1A	NODE_TOIL	toil.c	yes
0x24D7E	0x24E12	0x94	EXPIL_SHORT	toil.c	yes
0x24E12	0x24ED8	0xC6	EXPIL_LONG	toil.c	yes
0x24ED8	0x254DE	0x606	OP_TOIL	toil.c	yes
0x254DE	0x2565E	0x180	CBRANCH	toil.c	yes
0x2565E	0x25925	0x2C7	OP_PRAGMA	toil.c	yes
0x25925	0x2599C	0x77	LABELTOIL	toil.c	yes
0x2599C	0x25A03	0x67	VERIFYJUMP	toil.c	yes
0x25A10	0x25A54	0x44	CVSYMEMITDATA	symemit.c	yes
0x25A60	0x25AB0	0x50	_pstrdup	Common\nfutil.	yes
0x25AB0	0x25AF1	0x41	_fpstrdup	Common\nfutil.	yes
0x25AF1	0x25B2D	0x3C	PSTRNDUP	Common\nfutil.	yes
0x25B2D	0x25B67	0x3A	_fpstrndup	Common\nfutil.	yes
0x25B67	0x25BA1	0x3A	_fpfstrndup	Common\nfutil.	yes
0x25BA1	0x25BBD	0x1C	APPEND_NF	Common\nfutil.	yes
0x25BBD	0x25BFD	0x40	NFSTRZTOL	Common\nfutil.	yes
0x25C00	0x25C1D	0x1D	_MapToChar	dname.c	yes
0x25C1D	0x25CEC	0xCF	_SetLname	dname.c	yes
0x25CEC	0x25D53	0x67	_ChGroupA	dname.c	yes
0x25D53	0x25E5C	0x109	_PchAddGroupB	dname.c	yes
0x25E5C	0x26094	0x238	_TypeDname	dname.c	yes
0x26094	0x2611A	0x86	_ChCalling	dname.c	yes
0x2611A	0x2618F	0x75	_FormalsDname	dname.c	yes
0x2618F	0x261CB	0x3C	OUTPUTSTRING	dname.c	yes
0x261CB	0x26257	0x8C	OUTPUTDNAME	dname.c	yes
0x26260	0x2630F	0xAF	RETURNSTMT	stmt.c	yes
0x2630F	0x26329	0x1A	PUSH_STACK	stmt.c	yes
0x26329	0x26339	0x10	POP_STACK	stmt.c	yes
0x26339	0x2635F	0x26	PUSH_LABS	stmt.c	yes
0x2635F	0x26395	0x36	DO_STMT	stmt.c	yes
0x26395	0x264C0	0x12B	SWITCH_STMT	stmt.c	yes
0x264C0	0x2654A	0x8A	FIND_TYPE	stmt.c	yes
0x2654A	0x265D2	0x88	END_SWITCH	stmt.c	yes
0x265D2	0x2671E	0x14C	CASE_STATEMENT	stmt.c	yes
0x2671E	0x26740	0x22	EHEXCEPT	stmt.c	yes
0x26740	0x26757	0x17	EHFINALLY	stmt.c	yes
0x26757	0x2678D	0x36	EHTRY	stmt.c	yes
0x2678D	0x26799	0xC	EHLEAVETRYBLOCK	stmt.c	yes
0x26799	0x267B5	0x1C	EHLEAVEEXCEPTBLOCK	stmt.c	yes
0x267B5	0x267D1	0x1C	EHLEAVEFINALLYBLOCK	stmt.c	yes
0x267D1	0x267DC	0xB	EHENTERFILTER	stmt.c	yes
0x267DC	0x267E7	0xB	EHLEAVEFILTER	stmt.c	yes
0x267F0	0x26809	0x19	YYLEX_NON_EOF	p0pragma.c	yes
0x26809	0x2683B	0x32	CHK_LPAREN	p0pragma.c	yes
0x2683B	0x26854	0x19	P0PAREN_VALUE	p0pragma.c	yes
0x26854	0x268BE	0x6A	P0NAME_LIST	p0pragma.c	yes
0x268BE	0x26A52	0x194	P0_GOT_INS	p0pragma.c	yes
0x26A52	0x273B3	0x961	PRAGMA	p0pragma.c	yes
0x273B3	0x2745D	0xAA	OP_LISTING	p0pragma.c	yes
0x27460	0x274FF	0x9F	SALIGN	esutil.c	yes
0x274FF	0x27545	0x46	MEMBERSINSERT	esutil.c	yes
0x27545	0x27557	0x12	MEMBER_INSERT	esutil.c	yes
0x27560	0x2758A	0x2A	SBR_SET_SYM	browser.c	yes
0x2758A	0x276E9	0x15F	SBR_EMIT_REC	browser.c	yes
0x276E9	0x27723	0x3A	SBR_EMIT_REC_MACRODEF	browser.c	yes
0x27723	0x27858	0x135	SBR_EMIT_REC_SYMDEF	browser.c	yes
0x27858	0x2787C	0x24	SBR_EMIT_REC_MACROREF	browser.c	yes
0x2787C	0x278A4	0x28	SBR_EMIT_REC_SYMREF	browser.c	yes
0x278A4	0x278BA	0x16	SBR_EMIT_REC_OWNER	browser.c	yes
0x278BA	0x278C6	0xC	SBR_EMIT_REC_MACROEND	browser.c	yes
0x278C6	0x278D2	0xC	SBR_EMIT_REC_HEADER	browser.c	yes
0x278D2	0x278DE	0xC	SBR_EMIT_REC_MODULE	browser.c	yes
0x278DE	0x278EA	0xC	SBR_EMIT_REC_MODEND	browser.c	yes
0x278EA	0x278F6	0xC	SBR_EMIT_REC_BLKBEG	browser.c	yes
0x278F6	0x27902	0xC	SBR_EMIT_REC_BLKEND	browser.c	yes
0x27910	0x2845C	0xB4C	YYLEX	p0gettok.c	yes
0x2845C	0x287A7	0x34B	LEX_IDENTIFIER	p0gettok.c	yes
0x28A68	0x28B4D	0xE5	SKIPTORCURLY	grammar.c	yes
0x28B4D	0x2A795	0x1C48	YYPARSE	grammar.c	yes
0x2A7A0	0x2A978	0x1D8	GET_OFFSET	esumem.c	yes
0x2A978	0x2AB2E	0x1B6	DEF_MOE	esumem.c	yes
0x2AB2E	0x2AB90	0x62	GETUNIQUEMEMBER	esumem.c	yes
0x2AB90	0x2AC3E	0xAE	APPENDNAMELESSMEMBERS	esumem.c	yes
0x2AC3E	0x2ADBB	0x17D	DEFINEMEMBER	esumem.c	yes
0x2ADC0	0x2B04A	0x28A	DEF_BIT_FIELD	esubit.c	yes
0x2B050	0x2B0F0	0xA0	LOOP_START	loops.c	yes
0x2B0F0	0x2B145	0x55	LOOP_END	loops.c	yes
0x2B150	0x2B187	0x37	STRIPSTROP	esutree.c	yes
0x2B187	0x2B3FC	0x275	STROP	esutree.c	yes
0x2B400	0x2B41C	0x1C	CPYSTR	zeegee.c	yes
0x2B41C	0x2B438	0x1C	BACKCPY	zeegee.c	yes
0x2B438	0x2B45F	0x27	BACKCPYRNF	zeegee.c	yes
0x2B45F	0x2B54C	0xED	ZGBTNAME	zeegee.c	yes
0x2B54C	0x2B637	0xEB	ZGSYMBOL	zeegee.c	yes
0x2B637	0x2B686	0x4F	ZGDECLARATOR	zeegee.c	yes
0x2B686	0x2B88C	0x206	ZGDECLARATOR1	zeegee.c	yes
0x2B88C	0x2B922	0x96	ZGINDIR	zeegee.c	yes
0x2B922	0x2B9D2	0xB0	ZGTYPE	zeegee.c	yes
0x2B9D2	0x2B9F0	0x1E	ZGCLASS	zeegee.c	yes
0x2B9F0	0x2BA87	0x97	ZGFUNC	zeegee.c	yes
0x2BA87	0x2BC54	0x1CD	ZGATTRS	zeegee.c	yes
0x2BC60	0x2BC81	0x21	_nextword	initmain.c	yes
0x2BC81	0x2BCBE	0x3D	_InitLeadByte	initmain.c	yes
0x2BCBE	0x2BD46	0x88	_init_main1	initmain.c	yes
0x2BD46	0x2BE19	0xD3	SET_SIZES	initmain.c	yes
0x2BE20	0x2BE5D	0x3D	_FMS_RT	Common\cmath.c	yes
0x2BE5D	0x2BE7C	0x1F	_FMSIZE	Common\cmath.c	yes
0x2BE7C	0x2BEA4	0x28	_FMRT_RT	Common\cmath.c	yes
0x2BEA4	0x2BF08	0x64	_FMADD	Common\cmath.c	yes
0x2BF08	0x2BF6C	0x64	_FMSUB	Common\cmath.c	yes
0x2BF6C	0x2BFD0	0x64	_FMMUL	Common\cmath.c	yes
0x2BFD0	0x2C034	0x64	_FMDIV	Common\cmath.c	yes
0x2C034	0x2C05C	0x28	_FMRT_R4	Common\cmath.c	yes
0x2C05C	0x2C084	0x28	_FMRT_R8	Common\cmath.c	yes
0x2C084	0x2C0B5	0x31	_FMR4_RT	Common\cmath.c	yes
0x2C0B5	0x2C0E6	0x31	_FMR8_RT	Common\cmath.c	yes
0x2C0E6	0x2C117	0x31	_FMI4_RT	Common\cmath.c	yes
0x2C117	0x2C155	0x3E	_FMU4_RT	Common\cmath.c	yes
0x2C155	0x2C181	0x2C	_FMRT_I4	Common\cmath.c	yes
0x2C181	0x2C1F2	0x71	_FMCOMPARE	Common\cmath.c	yes
0x2C457	0x2C4A4	0x4D	_error	Common\error.c	yes
0x2C4A4	0x2C55D	0xB9	_fatal	Common\error.c	yes
0x2C55D	0x2C5AD	0x50	_warning	Common\error.c	yes
0x2C5AD	0x2C752	0x1A5	_message	Common\error.c	yes
0x2C752	0x2C766	0x14	_format	Common\error.c	yes
0x2C766	0x2C890	0x12A	_do_format	Common\error.c	yes
0x2C890	0x2C974	0xE4	_crack_cmd	Common\getflag	yes
0x2C974	0x2CAE8	0x174	_substr	Common\getflag	yes
0x2CAE8	0x2CB41	0x59	_getnumber	Common\getflag	yes
0x2CB41	0x2CB65	0x24	_isita	Common\getflag	yes
0x2CB65	0x2CBEF	0x8A	_tailmatch	Common\getflag	yes
0x2CBEF	0x2CCB8	0xC9	_unconcat	Common\getflag	yes
0x2CCC0	0x2CE78	0x1B8	_WinMainCRTStartup	D:\nt\private\crt32st\startup\wincrt0.c	yes
0x2CE78	0x2CE98	0x20	__amsg_exit	D:\nt\private\crt32st\startup\wincrt0.c	yes
0x2CEA0	0x2CEA6	0x6	_GetCommandLineA		yes
0x2CEA6	0x2CEAC	0x6	_GetEnvironmentStrings		yes
0x2CEAC	0x2CEB2	0x6	_GetModuleHandleA		yes
0x2CEB2	0x2CEB8	0x6	_GetStartupInfoA		yes
0x2CEB8	0x2CEBE	0x6	_GetVersion		yes
0x2CEBE	0x2CEC4	0x6	_UnhandledExceptionFilter		yes
0x2CEC4	0x2CF64	0xA0	_WinMain	C:\nt\private\sdktools\cl386\c1\winmain.c	yes
0x2CF64	0x2CF8F	0x2B	_chwrite	Common\io.c	yes
0x2CF8F	0x2D03C	0xAD	_shwrite	Common\io.c	yes
0x2D03C	0x2D08F	0x53	_keywrite	Common\io.c	yes
0x2D08F	0x2D19A	0x10B	_lowrite	Common\io.c	yes
0x2D19A	0x2D1B1	0x17	_flwrite	Common\io.c	yes
0x2D1B1	0x2D1C8	0x17	_dowrite	Common\io.c	yes
0x2D1C8	0x2D1E3	0x1B	_zswrite	Common\io.c	yes
0x2D1E3	0x2D219	0x36	_fzswrite	Common\io.c	yes
0x2D219	0x2D23B	0x22	_lswrite	Common\io.c	yes
0x2D244	0x2D270	0x2C	__FF_MSGBANNER	D:\nt\private\crt32st\startup\crt0msg.c	yes
0x2D270	0x2D2D8	0x68	__NMSG_WRITE	D:\nt\private\crt32st\startup\crt0msg.c	yes
0x2D2E4	0x2D2EA	0x6	_WriteFile		yes
0x2D2EA	0x2D3CA	0xE0	__cinit	D:\nt\private\crt32st\startup\crt0dat.c	yes
0x2D3CA	0x2D3DE	0x14	_exit	D:\nt\private\crt32st\startup\crt0dat.c	yes
0x2D3DE	0x2D3F2	0x14	__exit	D:\nt\private\crt32st\startup\crt0dat.c	yes
0x2D3F2	0x2D402	0x10	__cexit	D:\nt\private\crt32st\startup\crt0dat.c	yes
0x2D402	0x2D49E	0x9C	__c_exit	D:\nt\private\crt32st\startup\crt0dat.c	yes
0x2D4AA	0x2D4B0	0x6	_ExitProcess		yes
0x2D4B0	0x2D4B6	0x6	_GetFileType		yes
0x2D4B6	0x2D4BC	0x6	_GetStdHandle		yes
0x2D4BC	0x2D4E0	0x24	__atold	D:\nt\private\fp32st\conv\i386\atold.c	yes
0x2D4EC	0x2DAA8	0x5BC	___STRINGTOLD	D:\nt\private\fp32st\conv\strgtold.c	yes
0x2DAAC	0x2DAF8	0x4C	___addl	D:\nt\private\fp32st\conv\mantold.c	yes
0x2DAF8	0x2DB78	0x80	___add_12	D:\nt\private\fp32st\conv\mantold.c	yes
0x2DB78	0x2DBC8	0x50	___shl_12	D:\nt\private\fp32st\conv\mantold.c	yes
0x2DBC8	0x2DC24	0x5C	___shr_12	D:\nt\private\fp32st\conv\mantold.c	yes
0x2DC24	0x2DD20	0xFC	___mtold12	D:\nt\private\fp32st\conv\mantold.c	yes
0x2DD2C	0x2DF98	0x26C	___ld12mul	D:\nt\private\fp32st\conv\tenpow.c	yes
0x2DF98	0x2E01C	0x84	___multtenpow12	D:\nt\private\fp32st\conv\tenpow.c	yes
0x2E01C	0x2E049	0x2D	__chkstk	i386\chkstk.asm	yes
0x2E04C	0x2E0C8	0x7C	__close	D:\nt\private\crt32st\lowio\close.c	yes
0x2E0CC	0x2E0D2	0x6	_CloseHandle		yes
0x2E0D2	0x2E0D8	0x6	_GetLastError		yes
0x2E0D8	0x2E158	0x80	__dosmaperr	D:\nt\private\crt32st\dos\dosmap.c	yes
0x2E158	0x2E214	0xBC	__dup	D:\nt\private\crt32st\lowio\dup.c	yes
0x2E218	0x2E21E	0x6	_DuplicateHandle		yes
0x2E21E	0x2E224	0x6	_GetCurrentProcess		yes
0x2E224	0x2E264	0x40	__alloc_osfhnd	D:\nt\private\crt32st\lowio\osfinfo.c	yes
0x2E264	0x2E2E0	0x7C	__set_osfhnd	D:\nt\private\crt32st\lowio\osfinfo.c	yes
0x2E2E0	0x2E364	0x84	__free_osfhnd	D:\nt\private\crt32st\lowio\osfinfo.c	yes
0x2E364	0x2E3A0	0x3C	__get_osfhandle	D:\nt\private\crt32st\lowio\osfinfo.c	yes
0x2E3A0	0x2E440	0xA0	__open_osfhandle	D:\nt\private\crt32st\lowio\osfinfo.c	yes
0x2E444	0x2E44A	0x6	_SetStdHandle		yes
0x2E44A	0x2E4AC	0x62	__except_handler	i386\crtexcpt.asm	yes
0x2E4AC	0x2E4AC	0x0	__global_unwind	i386\crtexcpt.asm	yes
0x2E4AC	0x2E4BF	0x13	__local_unwind	i386\crtexcpt.asm	yes
0x2E4CA	0x2E4D0	0x6	_DbgPrint		yes
0x2E4D0	0x2E4D6	0x6	_RtlUnwind		yes
0x2E4D6	0x2E5FA	0x124	__flsbuf	D:\nt\private\crt32st\stdio\_flsbuf.c	yes
0x2E606	0x2E60E	0x8	__fpmath	D:\nt\private\fp32st\conv\fpinit.c	yes
0x2E60E	0x2E612	0x4	__fpclear	D:\nt\private\fp32st\conv\fpinit.c	yes
0x2E612	0x2E646	0x34	__cfltcvt_init	D:\nt\private\fp32st\conv\fpinit.c	yes
0x2E646	0x2E6BA	0x74	__forcdecpt	D:\nt\private\fp32st\conv\cvt.c	yes
0x2E6BA	0x2E72A	0x70	__cropzeros	D:\nt\private\fp32st\conv\cvt.c	yes
0x2E72A	0x2E74A	0x20	__positive	D:\nt\private\fp32st\conv\cvt.c	yes
0x2E74A	0x2E78E	0x44	__fassign	D:\nt\private\fp32st\conv\cvt.c	yes
0x2E78E	0x2E912	0x184	__cftoe	D:\nt\private\fp32st\conv\cvt.c	yes
0x2E912	0x2EA62	0x150	__cftof	D:\nt\private\fp32st\conv\cvt.c	yes
0x2EA62	0x2EB22	0xC0	__cftog	D:\nt\private\fp32st\conv\cvt.c	yes
0x2EB22	0x2EB9A	0x78	__cfltcvt	D:\nt\private\fp32st\conv\cvt.c	yes
0x2EBA6	0x2EC16	0x70	__fltout	D:\nt\private\fp32st\conv\cfout.c	yes
0x2EC16	0x2EFBE	0x3A8	_$I10_OUTPUT	D:\nt\private\fp32st\conv\x10fout.c	yes
0x2EFC6	0x2F0D2	0x10C	___dtold	D:\nt\private\fp32st\conv\ldtod.c	yes
0x2F0D2	0x2F232	0x160	___ldtod	D:\nt\private\fp32st\conv\ldtod.c	yes
0x2F236	0x2F2C6	0x90	__fptostr	D:\nt\private\crt32st\convert\_fptostr.c	yes
0x2F2C6	0x2F2D2	0xC	__fptrap	D:\nt\private\crt32st\startup\crt0fp.c	yes
0x2F2D6	0x2F4DA	0x204	__fstat	D:\nt\private\crt32st\lowio\fstat.c	yes
0x2F4E6	0x2F4EC	0x6	_FileTimeToSystemTime		yes
0x2F4EC	0x2F4F2	0x6	_GetFileTime		yes
0x2F4F2	0x2F5B6	0xC4	__dtoxtime	D:\nt\private\crt32st\time\dtoxtime.c	yes
0x2F5C2	0x2F5DA	0x18	___tzset	D:\nt\private\crt32st\time\tzset.c	yes
0x2F5DA	0x2F67A	0xA0	__tzset	D:\nt\private\crt32st\time\tzset.c	yes
0x2F67A	0x2F74A	0xD0	__isindst	D:\nt\private\crt32st\time\tzset.c	yes
0x2F752	0x2F779	0x27	__ftol	i386\ftol.asm	yes
0x2F782	0x2F7D2	0x50	__getbuf	D:\nt\private\crt32st\stdio\_getbuf.c	yes
0x2F7D2	0x2F81E	0x4C	_fflush	D:\nt\private\crt32st\stdio\fflush.c	yes
0x2F81E	0x2F892	0x74	__flush	D:\nt\private\crt32st\stdio\fflush.c	yes
0x2F892	0x2F91A	0x88	__flushall	D:\nt\private\crt32st\stdio\fflush.c	yes
0x2F91A	0x2F92E	0x14	__endstdio	D:\nt\private\crt32st\stdio\fflush.c	yes
0x2F932	0x2F9A2	0x70	__commit	D:\nt\private\crt32st\lowio\commit.c	yes
0x2F9A2	0x2F9A8	0x6	_FlushFileBuffers		yes
0x2F9A8	0x2F9D8	0x30	__fcloseall	D:\nt\private\crt32st\stdio\closeall.c	yes
0x2F9D8	0x2F9EC	0x14	__heap_init	D:\nt\private\crt32st\heap\heapinit.c	yes
0x2F9EC	0x2FA38	0x4C	__heap_grow_emptylist	D:\nt\private\crt32st\heap\heapinit.c	yes
0x2FA38	0x2FA3E	0x6	_VirtualAlloc		yes
0x2FA3E	0x2FA4A	0xC	__heap_abort	D:\nt\private\crt32st\heap\hpabort.c	yes
0x2FA4E	0x2FA72	0x24	__isatty	D:\nt\private\crt32st\lowio\isatty.c	yes
0x2FA7E	0x2FAFA	0x7C	__lseek	D:\nt\private\crt32st\lowio\lseek.c	yes
0x2FAFE	0x2FB04	0x6	_SetFilePointer		yes
0x2FB04	0x2FD3C	0x238	__read	D:\nt\private\crt32st\lowio\read.c	yes
0x2FD44	0x2FD4A	0x6	_ReadFile		yes
0x2FD4A	0x2FF62	0x218	__setargv	D:\nt\private\crt32st\startup\stdargv.c	yes
0x2FF6A	0x2FF70	0x6	_GetModuleFileNameA		yes
0x2FF70	0x30074	0x104	__setenvp	D:\nt\private\crt32st\startup\stdenvp.c	yes
0x30080	0x30098	0x18	__open	D:\nt\private\crt32st\lowio\open.c	yes
0x30098	0x30388	0x2F0	__sopen	D:\nt\private\crt32st\lowio\open.c	yes
0x30390	0x30396	0x6	_CreateFileA		yes
0x30396	0x3039C	0x6	_GetFileAttributesA		yes
0x3039C	0x303A2	0x6	_SetEndOfFile		yes
0x303A2	0x303FA	0x58	__access	D:\nt\private\crt32st\dos\access.c	yes
0x30402	0x3054E	0x14C	__chsize	D:\nt\private\crt32st\lowio\chsize.c	yes
0x30552	0x305D6	0x84	__setmode	D:\nt\private\crt32st\lowio\setmode.c	yes
0x305E2	0x3063E	0x5C	__strdup	D:\nt\private\crt32st\string\strdup.c	yes
0x30642	0x30666	0x24	__strupr	D:\nt\private\crt32st\string\strupr.c	yes
0x30672	0x3086E	0x1FC	__write	D:\nt\private\crt32st\lowio\write.c	yes
0x30872	0x308B6	0x44	_atof	D:\nt\private\crt32st\convert\atof.c	yes
0x308C2	0x30992	0xD0	__fltin	D:\nt\private\fp32st\conv\cfin.c	yes
0x30992	0x30A0A	0x78	_atol	D:\nt\private\crt32st\convert\atox.c	yes
0x30A0A	0x30A1A	0x10	_atoi	D:\nt\private\crt32st\convert\atox.c	yes
0x30A22	0x30A4E	0x2C	_ctime	D:\nt\private\crt32st\time\ctime.c	yes
0x30A82	0x30B5E	0xDC	_asctime	D:\nt\private\crt32st\time\asctime.c	yes
0x30B62	0x30C3E	0xDC	_fclose	D:\nt\private\crt32st\stdio\fclose.c	yes
0x30C42	0x30C72	0x30	__freebuf	D:\nt\private\crt32st\stdio\_freebuf.c	yes
0x30CDE	0x30D0A	0x2C	__itoa	D:\nt\private\crt32st\convert\xtoa.c	yes
0x30D0A	0x30D3A	0x30	__ltoa	D:\nt\private\crt32st\convert\xtoa.c	yes
0x30D3A	0x30D52	0x18	__ultoa	D:\nt\private\crt32st\convert\xtoa.c	yes
0x30D52	0x30D8E	0x3C	_remove	D:\nt\private\crt32st\dos\unlink.c	yes
0x30D8E	0x30D9E	0x10	__unlink	D:\nt\private\crt32st\dos\unlink.c	yes
0x30DA2	0x30DA8	0x6	_DeleteFileA		yes
0x30DA8	0x30E2C	0x84	_fgets	D:\nt\private\crt32st\stdio\fgets.c	yes
0x30E38	0x30EE8	0xB0	__filbuf	D:\nt\private\crt32st\stdio\_filbuf.c	yes
0x30EE8	0x30F08	0x20	__fsopen	D:\nt\private\crt32st\stdio\fopen.c	yes
0x30F08	0x30F1C	0x14	_fopen	D:\nt\private\crt32st\stdio\fopen.c	yes
0x30F28	0x30F68	0x40	__getstream	D:\nt\private\crt32st\stdio\stream.c	yes
0x30F68	0x31094	0x12C	__openfile	D:\nt\private\crt32st\stdio\_open.c	yes
0x31098	0x310DC	0x44	_fputc	D:\nt\private\crt32st\stdio\fputc.c	yes
0x310DC	0x310EC	0x10	_putc	D:\nt\private\crt32st\stdio\fputc.c	yes
0x310F8	0x3115C	0x64	_free	D:\nt\private\crt32st\heap\free.c	yes
0x31168	0x311BC	0x54	_freopen	D:\nt\private\crt32st\stdio\freopen.c	yes
0x311C8	0x3124C	0x84	_fseek	D:\nt\private\crt32st\stdio\fseek.c	yes
0x31258	0x313B4	0x15C	_ftell	D:\nt\private\crt32st\stdio\ftell.c	yes
0x313B8	0x314FC	0x144	_fwrite	D:\nt\private\crt32st\stdio\fwrite.c	yes
0x31508	0x31580	0x78	_getenv	D:\nt\private\crt32st\misc\getenv.c	yes
0x31588	0x3161D	0x95	_il_file	Common\ioin.c	yes
0x3161D	0x31675	0x58	_werr	Common\ioin.c	yes
0x31678	0x3168C	0x14	_isalpha	D:\nt\private\crt32st\convert\_ctype.c	yes
0x3168C	0x316A0	0x14	_isupper	D:\nt\private\crt32st\convert\_ctype.c	yes
0x316A0	0x316B4	0x14	_islower	D:\nt\private\crt32st\convert\_ctype.c	yes
0x316B4	0x316C8	0x14	_isdigit	D:\nt\private\crt32st\convert\_ctype.c	yes
0x316C8	0x316DC	0x14	_isxdigit	D:\nt\private\crt32st\convert\_ctype.c	yes
0x316DC	0x316F0	0x14	_isspace	D:\nt\private\crt32st\convert\_ctype.c	yes
0x316F0	0x31704	0x14	_ispunct	D:\nt\private\crt32st\convert\_ctype.c	yes
0x31704	0x31718	0x14	_isalnum	D:\nt\private\crt32st\convert\_ctype.c	yes
0x31718	0x3172C	0x14	_isprint	D:\nt\private\crt32st\convert\_ctype.c	yes
0x3172C	0x31740	0x14	_isgraph	D:\nt\private\crt32st\convert\_ctype.c	yes
0x31740	0x31754	0x14	_iscntrl	D:\nt\private\crt32st\convert\_ctype.c	yes
0x31754	0x31768	0x14	___isascii	D:\nt\private\crt32st\convert\_ctype.c	yes
0x31768	0x31774	0xC	___toascii	D:\nt\private\crt32st\convert\_ctype.c	yes
0x31774	0x31794	0x20	___iscsymf	D:\nt\private\crt32st\convert\_ctype.c	yes
0x31794	0x317B4	0x20	___iscsym	D:\nt\private\crt32st\convert\_ctype.c	yes
0x317B8	0x31824	0x6C	_localtime	D:\nt\private\crt32st\time\localtim.c	yes
0x31828	0x319CC	0x1A4	_gmtime	D:\nt\private\crt32st\time\gmtime.c	yes
0x319D8	0x31A70	0x98	_malloc	D:\nt\private\crt32st\heap\malloc.c	yes
0x31A70	0x31ACC	0x5C	__heap_split_block	D:\nt\private\crt32st\heap\malloc.c	yes
0x31AD8	0x31BD8	0x100	__heap_grow	D:\nt\private\crt32st\heap\heapgrow.c	yes
0x31BD8	0x31CAC	0xD4	__heap_grow_region	D:\nt\private\crt32st\heap\heapgrow.c	yes
0x31CAC	0x31D00	0x54	__heap_free_region	D:\nt\private\crt32st\heap\heapgrow.c	yes
0x31D08	0x31D0E	0x6	_VirtualFree		yes
0x31D0E	0x31D3A	0x2C	__heapadd	D:\nt\private\crt32st\heap\heapadd.c	yes
0x31D3A	0x31FA2	0x268	__heap_addblock	D:\nt\private\crt32st\heap\heapadd.c	yes
0x31FAE	0x32022	0x74	__heap_findaddr	D:\nt\private\crt32st\heap\findaddr.c	yes
0x3202E	0x32146	0x118	__heap_search	D:\nt\private\crt32st\heap\heapsrch.c	yes
0x3214E	0x32186	0x38	_memchr	D:\nt\private\crt32st\string\memchr.c	yes
0x3218E	0x321E6	0x58	_memmove	D:\nt\private\crt32st\string\memmove.c	yes
0x321EE	0x3221A	0x2C	_memset	D:\nt\private\crt32st\string\memset.c	yes
0x3221E	0x3233E	0x120	_realloc	D:\nt\private\crt32st\heap\realloc.c	yes
0x3233E	0x324C6	0x188	__expand	D:\nt\private\crt32st\heap\realloc.c	yes
0x324CE	0x324D3	0x5	_dup	i386\stubs.asm	yes
0x324D3	0x324D8	0x5	_fstat	i386\stubs.asm	yes
0x324D8	0x324DD	0x5	_lseek	i386\stubs.asm	yes
0x324DD	0x324E2	0x5	_read	i386\stubs.asm	yes
0x324E2	0x324E7	0x5	_write	i386\stubs.asm	yes
0x324E7	0x324EC	0x5	_setmode	i386\stubs.asm	yes
0x324EC	0x324F1	0x5	_sopen	i386\stubs.asm	yes
0x324F1	0x324F6	0x5	_close	i386\stubs.asm	yes
0x324F6	0x324FB	0x5	_strdup	i386\stubs.asm	yes
0x324FE	0x3252A	0x2C	_strchr	D:\nt\private\crt32st\string\strchr.c	yes
0x3252E	0x32556	0x28	_strcat	D:\nt\private\crt32st\string\strcat.c	yes
0x32556	0x32572	0x1C	_strcpy	D:\nt\private\crt32st\string\strcat.c	yes
0x3257E	0x32596	0x18	_strlen	D:\nt\private\crt32st\string\strlen.c	yes
0x3259E	0x325D2	0x34	_strncmp	D:\nt\private\crt32st\string\strncmp.c	yes
0x325DE	0x32616	0x38	_strncpy	D:\nt\private\crt32st\string\strncpy.c	yes
0x3261E	0x3266E	0x50	_time	D:\nt\private\crt32st\time\time.c	yes
0x3266E	0x32674	0x6	_GetSystemTime		yes
0x32674	0x32680	0xC	__toupper	D:\nt\private\crt32st\convert\toupper.c	yes
0x32680	0x32698	0x18	_toupper	D:\nt\private\crt32st\convert\toupper.c	yes
0x326A4	0x3271C	0x78	_zltoa	Common\ltoa.c	yes
