index	name	value	section	type	storage	naux	file
0	.file	0x00000009	-2	0	103	1	c:\c6\\cmerge\
2	.text	0x00010000	1	0	3	1	c:\c6\\cmerge\
4	.data	0x00030000	3	0	3	1	c:\c6\\cmerge\
6	.bss	0x00020000	2	0	3	1	c:\c6\\cmerge\
8	FLAT	0x00000000	-1	0	3	0	c:\c6\\cmerge\
9	.file	0x00000014	-2	0	103	3	D:\nt\private\crt32\linkopts\binmode.c
13	.text	0x000127c0	1	0	3	1	D:\nt\private\crt32\linkopts\binmode.c
15	.data	0x00030930	3	0	3	1	D:\nt\private\crt32\linkopts\binmode.c
17	.bss	0x00020020	2	0	3	1	D:\nt\private\crt32\linkopts\binmode.c
19	FLAT	0x00000000	-1	0	3	0	D:\nt\private\crt32\linkopts\binmode.c
20	.file	0x0000001d	-2	0	103	1	c:\c6\\cmerge\
22	.text	0x000127c0	1	0	3	1	c:\c6\\cmerge\
24	.data	0x00030940	3	0	3	1	c:\c6\\cmerge\
26	.bss	0x00020020	2	0	3	1	c:\c6\\cmerge\
28	FLAT	0x00000000	-1	0	3	0	c:\c6\\cmerge\
29	.file	0x00000026	-2	0	103	1	c:\c6\\cmerge\
31	.text	0x00014060	1	0	3	1	c:\c6\\cmerge\
33	.data	0x00030c80	3	0	3	1	c:\c6\\cmerge\
35	.bss	0x00020020	2	0	3	1	c:\c6\\cmerge\
37	FLAT	0x00000000	-1	0	3	0	c:\c6\\cmerge\
38	.file	0x00000032	-2	0	103	2	D:\nt\private\crt32st\dos\access.c
41	.text	0x00014060	1	0	3	1	D:\nt\private\crt32st\dos\access.c
43	.data	0x00031bc0	3	0	3	1	D:\nt\private\crt32st\dos\access.c
45	.bss	0x00020020	2	0	3	1	D:\nt\private\crt32st\dos\access.c
47	FLAT	0x00000000	-1	0	3	0	D:\nt\private\crt32st\dos\access.c
48	.idata$6	0x000400dc	4	0	3	0	D:\nt\private\crt32st\dos\access.c
49	.idata$6	0x000400f2	4	0	3	0	D:\nt\private\crt32st\dos\access.c
50	.file	0x0000003a	-2	0	103	1	i386\chkstk.asm
52	.text	0x000140cc	1	0	3	1	i386\chkstk.asm
54	.data	0x00031bc0	3	0	3	1	i386\chkstk.asm
56	DGROUP	0x00031bc0	3	0	3	0	i386\chkstk.asm
57	FLAT	0x00000000	-1	0	3	0	i386\chkstk.asm
58	.file	0x00000045	-2	0	103	2	D:\nt\private\crt32st\lowio\close.c
61	.text	0x000140fc	1	0	3	1	D:\nt\private\crt32st\lowio\close.c
63	.data	0x00031bc0	3	0	3	1	D:\nt\private\crt32st\lowio\close.c
65	.bss	0x00020020	2	0	3	1	D:\nt\private\crt32st\lowio\close.c
67	FLAT	0x00000000	-1	0	3	0	D:\nt\private\crt32st\lowio\close.c
68	.idata$6	0x00040102	4	0	3	0	D:\nt\private\crt32st\lowio\close.c
69	.file	0x00000055	-2	0	103	3	D:\nt\private\crt32st\startup\crt0dat.c
73	.text	0x00014182	1	0	3	1	D:\nt\private\crt32st\startup\crt0dat.c
75	.data	0x00031bc0	3	0	3	1	D:\nt\private\crt32st\startup\crt0dat.c
77	.bss	0x00020020	2	0	3	1	D:\nt\private\crt32st\startup\crt0dat.c
79	FLAT	0x00000000	-1	0	3	0	D:\nt\private\crt32st\startup\crt0dat.c
80	_doinitterm	0x00014316	1	0	3	0	D:\nt\private\crt32st\startup\crt0dat.c
81	doexit	0x000142aa	1	0	3	0	D:\nt\private\crt32st\startup\crt0dat.c
82	.idata$6	0x00040110	4	0	3	0	D:\nt\private\crt32st\startup\crt0dat.c
83	.idata$6	0x0004011e	4	0	3	0	D:\nt\private\crt32st\startup\crt0dat.c
84	.idata$6	0x0004012c	4	0	3	0	D:\nt\private\crt32st\startup\crt0dat.c
85	.file	0x0000005f	-2	0	103	2	D:\nt\private\crt32st\dos\dosmap.c
88	.text	0x00014354	1	0	3	1	D:\nt\private\crt32st\dos\dosmap.c
90	.data	0x00031d80	3	0	3	1	D:\nt\private\crt32st\dos\dosmap.c
92	.bss	0x00020020	2	0	3	1	D:\nt\private\crt32st\dos\dosmap.c
94	FLAT	0x00000000	-1	0	3	0	D:\nt\private\crt32st\dos\dosmap.c
95	.file	0x0000006b	-2	0	103	2	D:\nt\private\crt32st\lowio\dup2.c
98	.text	0x000143d4	1	0	3	1	D:\nt\private\crt32st\lowio\dup2.c
100	.data	0x00031dd0	3	0	3	1	D:\nt\private\crt32st\lowio\dup2.c
102	.bss	0x00020020	2	0	3	1	D:\nt\private\crt32st\lowio\dup2.c
104	FLAT	0x00000000	-1	0	3	0	D:\nt\private\crt32st\lowio\dup2.c
105	.idata$6	0x0004013c	4	0	3	0	D:\nt\private\crt32st\lowio\dup2.c
106	.idata$6	0x0004014e	4	0	3	0	D:\nt\private\crt32st\lowio\dup2.c
107	.file	0x00000077	-2	0	103	3	D:\nt\private\crt32st\lowio\osfinfo.c
111	.text	0x000144c0	1	0	3	1	D:\nt\private\crt32st\lowio\osfinfo.c
113	.data	0x00031dd0	3	0	3	1	D:\nt\private\crt32st\lowio\osfinfo.c
115	.bss	0x00020020	2	0	3	1	D:\nt\private\crt32st\lowio\osfinfo.c
117	FLAT	0x00000000	-1	0	3	0	D:\nt\private\crt32st\lowio\osfinfo.c
118	.idata$6	0x00040162	4	0	3	0	D:\nt\private\crt32st\lowio\osfinfo.c
119	.file	0x00000081	-2	0	103	2	D:\nt\private\crt32st\lowio\mktemp.c
122	.text	0x000146e6	1	0	3	1	D:\nt\private\crt32st\lowio\mktemp.c
124	.data	0x00031dd0	3	0	3	1	D:\nt\private\crt32st\lowio\mktemp.c
126	.bss	0x00020020	2	0	3	1	D:\nt\private\crt32st\lowio\mktemp.c
128	FLAT	0x00000000	-1	0	3	0	D:\nt\private\crt32st\lowio\mktemp.c
129	.file	0x0000008c	-2	0	103	2	D:\nt\private\crt32st\dos\getpid.c
132	.text	0x000147b6	1	0	3	1	D:\nt\private\crt32st\dos\getpid.c
134	.data	0x00031dd0	3	0	3	1	D:\nt\private\crt32st\dos\getpid.c
136	.bss	0x00020020	2	0	3	1	D:\nt\private\crt32st\dos\getpid.c
138	FLAT	0x00000000	-1	0	3	0	D:\nt\private\crt32st\dos\getpid.c
139	.idata$6	0x00040172	4	0	3	0	D:\nt\private\crt32st\dos\getpid.c
140	.file	0x00000098	-2	0	103	2	D:\nt\private\crt32st\lowio\open.c
143	.text	0x000147cc	1	0	3	1	D:\nt\private\crt32st\lowio\open.c
145	.data	0x00031dd0	3	0	3	1	D:\nt\private\crt32st\lowio\open.c
147	.bss	0x00020020	2	0	3	1	D:\nt\private\crt32st\lowio\open.c
149	FLAT	0x00000000	-1	0	3	0	D:\nt\private\crt32st\lowio\open.c
150	.idata$6	0x00040188	4	0	3	0	D:\nt\private\crt32st\lowio\open.c
151	.idata$6	0x00040196	4	0	3	0	D:\nt\private\crt32st\lowio\open.c
152	.file	0x000000a2	-2	0	103	2	D:\nt\private\crt32st\lowio\chsize.c
155	.text	0x00014ae8	1	0	3	1	D:\nt\private\crt32st\lowio\chsize.c
157	.data	0x00031dd0	3	0	3	1	D:\nt\private\crt32st\lowio\chsize.c
159	.bss	0x00020020	2	0	3	1	D:\nt\private\crt32st\lowio\chsize.c
161	FLAT	0x00000000	-1	0	3	0	D:\nt\private\crt32st\lowio\chsize.c
162	.file	0x000000ad	-2	0	103	2	D:\nt\private\crt32st\lowio\lseek.c
165	.text	0x00014c38	1	0	3	1	D:\nt\private\crt32st\lowio\lseek.c
167	.data	0x00031dd0	3	0	3	1	D:\nt\private\crt32st\lowio\lseek.c
169	.bss	0x00020020	2	0	3	1	D:\nt\private\crt32st\lowio\lseek.c
171	FLAT	0x00000000	-1	0	3	0	D:\nt\private\crt32st\lowio\lseek.c
172	.idata$6	0x000401a6	4	0	3	0	D:\nt\private\crt32st\lowio\lseek.c
173	.file	0x000000b9	-2	0	103	2	D:\nt\private\crt32st\misc\putenv.c
176	.text	0x00014cbe	1	0	3	1	D:\nt\private\crt32st\misc\putenv.c
178	.data	0x00031dd0	3	0	3	1	D:\nt\private\crt32st\misc\putenv.c
180	.bss	0x00020020	2	0	3	1	D:\nt\private\crt32st\misc\putenv.c
182	FLAT	0x00000000	-1	0	3	0	D:\nt\private\crt32st\misc\putenv.c
183	findenv	0x00014e66	1	0	3	0	D:\nt\private\crt32st\misc\putenv.c
184	.idata$6	0x000401b8	4	0	3	0	D:\nt\private\crt32st\misc\putenv.c
185	.file	0x000000c4	-2	0	103	2	D:\nt\private\crt32st\lowio\read.c
188	.text	0x00014ee4	1	0	3	1	D:\nt\private\crt32st\lowio\read.c
190	.data	0x00031dd0	3	0	3	1	D:\nt\private\crt32st\lowio\read.c
192	.bss	0x00020020	2	0	3	1	D:\nt\private\crt32st\lowio\read.c
194	FLAT	0x00000000	-1	0	3	0	D:\nt\private\crt32st\lowio\read.c
195	.idata$6	0x000401d2	4	0	3	0	D:\nt\private\crt32st\lowio\read.c
196	.file	0x000000cf	-2	0	103	3	D:\nt\private\crt32st\lowio\setmode.c
200	.text	0x0001512a	1	0	3	1	D:\nt\private\crt32st\lowio\setmode.c
202	.data	0x00031dd0	3	0	3	1	D:\nt\private\crt32st\lowio\setmode.c
204	.bss	0x00020020	2	0	3	1	D:\nt\private\crt32st\lowio\setmode.c
206	FLAT	0x00000000	-1	0	3	0	D:\nt\private\crt32st\lowio\setmode.c
207	.file	0x000000da	-2	0	103	3	D:\nt\private\crt32st\string\stricmp.c
211	.text	0x000151ba	1	0	3	1	D:\nt\private\crt32st\string\stricmp.c
213	.data	0x00031dd0	3	0	3	1	D:\nt\private\crt32st\string\stricmp.c
215	.bss	0x00020020	2	0	3	1	D:\nt\private\crt32st\string\stricmp.c
217	FLAT	0x00000000	-1	0	3	0	D:\nt\private\crt32st\string\stricmp.c
218	.file	0x000000e4	-2	0	103	2	D:\nt\private\crt32st\misc\ctype.c
221	.text	0x0001522a	1	0	3	1	D:\nt\private\crt32st\misc\ctype.c
223	.data	0x00031dd0	3	0	3	1	D:\nt\private\crt32st\misc\ctype.c
225	.bss	0x00020020	2	0	3	1	D:\nt\private\crt32st\misc\ctype.c
227	FLAT	0x00000000	-1	0	3	0	D:\nt\private\crt32st\misc\ctype.c
228	.file	0x000000ef	-2	0	103	3	D:\nt\private\crt32st\string\strdup.c
232	.text	0x0001522a	1	0	3	1	D:\nt\private\crt32st\string\strdup.c
234	.data	0x00031ee0	3	0	3	1	D:\nt\private\crt32st\string\strdup.c
236	.bss	0x00020020	2	0	3	1	D:\nt\private\crt32st\string\strdup.c
238	FLAT	0x00000000	-1	0	3	0	D:\nt\private\crt32st\string\strdup.c
239	.file	0x000000fa	-2	0	103	2	D:\nt\private\crt32st\dos\unlink.c
242	.text	0x0001528a	1	0	3	1	D:\nt\private\crt32st\dos\unlink.c
244	.data	0x00031ee0	3	0	3	1	D:\nt\private\crt32st\dos\unlink.c
246	.bss	0x00020020	2	0	3	1	D:\nt\private\crt32st\dos\unlink.c
248	FLAT	0x00000000	-1	0	3	0	D:\nt\private\crt32st\dos\unlink.c
249	.idata$6	0x000401de	4	0	3	0	D:\nt\private\crt32st\dos\unlink.c
250	.file	0x00000105	-2	0	103	2	D:\nt\private\crt32st\lowio\write.c
253	.text	0x000152e0	1	0	3	1	D:\nt\private\crt32st\lowio\write.c
255	.data	0x00031ee0	3	0	3	1	D:\nt\private\crt32st\lowio\write.c
257	.bss	0x00020020	2	0	3	1	D:\nt\private\crt32st\lowio\write.c
259	FLAT	0x00000000	-1	0	3	0	D:\nt\private\crt32st\lowio\write.c
260	.idata$6	0x000401ec	4	0	3	0	D:\nt\private\crt32st\lowio\write.c
261	.file	0x0000010e	-2	0	103	1	c:\c6\\cmerge\
263	.text	0x000154e6	1	0	3	1	c:\c6\\cmerge\
265	.data	0x00031ee0	3	0	3	1	c:\c6\\cmerge\
267	.bss	0x00020020	2	0	3	1	c:\c6\\cmerge\
269	FLAT	0x00000000	-1	0	3	0	c:\c6\\cmerge\
270	.file	0x00000119	-2	0	103	2	D:\nt\private\crt32st\convert\xtoa.c
273	.text	0x000157c6	1	0	3	1	D:\nt\private\crt32st\convert\xtoa.c
275	.data	0x00031f50	3	0	3	1	D:\nt\private\crt32st\convert\xtoa.c
277	.bss	0x00020020	2	0	3	1	D:\nt\private\crt32st\convert\xtoa.c
279	FLAT	0x00000000	-1	0	3	0	D:\nt\private\crt32st\convert\xtoa.c
280	xtoa	0x000157c6	1	0	3	0	D:\nt\private\crt32st\convert\xtoa.c
281	.file	0x00000123	-2	0	103	2	D:\nt\private\crt32st\heap\free.c
284	.text	0x000158a6	1	0	3	1	D:\nt\private\crt32st\heap\free.c
286	.data	0x00031f50	3	0	3	1	D:\nt\private\crt32st\heap\free.c
288	.bss	0x00020020	2	0	3	1	D:\nt\private\crt32st\heap\free.c
290	FLAT	0x00000000	-1	0	3	0	D:\nt\private\crt32st\heap\free.c
291	.file	0x0000012d	-2	0	103	2	D:\nt\private\crt32st\heap\hpabort.c
294	.text	0x00015916	1	0	3	1	D:\nt\private\crt32st\heap\hpabort.c
296	.data	0x00031f50	3	0	3	1	D:\nt\private\crt32st\heap\hpabort.c
298	.bss	0x00020020	2	0	3	1	D:\nt\private\crt32st\heap\hpabort.c
300	FLAT	0x00000000	-1	0	3	0	D:\nt\private\crt32st\heap\hpabort.c
301	.file	0x0000013d	-2	0	103	2	D:\nt\private\crt32st\startup\crt0.c
304	.text	0x00015926	1	0	3	1	D:\nt\private\crt32st\startup\crt0.c
306	.data	0x00031f50	3	0	3	1	D:\nt\private\crt32st\startup\crt0.c
308	.bss	0x00020020	2	0	3	1	D:\nt\private\crt32st\startup\crt0.c
310	FLAT	0x00000000	-1	0	3	0	D:\nt\private\crt32st\startup\crt0.c
311	inherit	0x00015a4a	1	0	3	0	D:\nt\private\crt32st\startup\crt0.c
312	.idata$6	0x000401f8	4	0	3	0	D:\nt\private\crt32st\startup\crt0.c
313	.idata$6	0x0004020a	4	0	3	0	D:\nt\private\crt32st\startup\crt0.c
314	.idata$6	0x00040222	4	0	3	0	D:\nt\private\crt32st\startup\crt0.c
315	.idata$6	0x00040234	4	0	3	0	D:\nt\private\crt32st\startup\crt0.c
316	.idata$6	0x00040242	4	0	3	0	D:\nt\private\crt32st\startup\crt0.c
317	.file	0x00000148	-2	0	103	3	D:\nt\private\crt32st\startup\crt0msg.c
321	.text	0x00015af4	1	0	3	1	D:\nt\private\crt32st\startup\crt0msg.c
323	.data	0x00031f60	3	0	3	1	D:\nt\private\crt32st\startup\crt0msg.c
325	.bss	0x00020020	2	0	3	1	D:\nt\private\crt32st\startup\crt0msg.c
327	FLAT	0x00000000	-1	0	3	0	D:\nt\private\crt32st\startup\crt0msg.c
328	.file	0x00000154	-2	0	103	1	i386\crtexcpt.asm
330	.text	0x00015b94	1	0	3	1	i386\crtexcpt.asm
332	.data	0x00032230	3	0	3	1	i386\crtexcpt.asm
334	.bss	0x00020020	2	0	3	1	i386\crtexcpt.asm
336	DGROUP	0x00032230	3	0	3	0	i386\crtexcpt.asm
337	FLAT	0x00000000	-1	0	3	0	i386\crtexcpt.asm
338	.idata$6	0x0004037e	4	0	3	0	i386\crtexcpt.asm
339	.idata$6	0x0004038a	4	0	3	0	i386\crtexcpt.asm
340	.file	0x00000160	-2	0	103	3	D:\nt\private\crt32st\heap\heapinit.c
344	.text	0x00015c20	1	0	3	1	D:\nt\private\crt32st\heap\heapinit.c
346	.data	0x00032230	3	0	3	1	D:\nt\private\crt32st\heap\heapinit.c
348	.bss	0x00020020	2	0	3	1	D:\nt\private\crt32st\heap\heapinit.c
350	FLAT	0x00000000	-1	0	3	0	D:\nt\private\crt32st\heap\heapinit.c
351	.idata$6	0x0004025e	4	0	3	0	D:\nt\private\crt32st\heap\heapinit.c
352	.file	0x0000016d	-2	0	103	3	D:\nt\private\crt32st\startup\stdargv.c
356	.text	0x00015c86	1	0	3	1	D:\nt\private\crt32st\startup\stdargv.c
358	.data	0x00032250	3	0	3	1	D:\nt\private\crt32st\startup\stdargv.c
360	.bss	0x00020020	2	0	3	1	D:\nt\private\crt32st\startup\stdargv.c
362	FLAT	0x00000000	-1	0	3	0	D:\nt\private\crt32st\startup\stdargv.c
363	parse_cmdline	0x00015d2a	1	0	3	0	D:\nt\private\crt32st\startup\stdargv.c
364	.idata$6	0x0004026e	4	0	3	0	D:\nt\private\crt32st\startup\stdargv.c
365	.file	0x00000178	-2	0	103	3	D:\nt\private\crt32st\startup\stdenvp.c
369	.text	0x00015eac	1	0	3	1	D:\nt\private\crt32st\startup\stdenvp.c
371	.data	0x00032250	3	0	3	1	D:\nt\private\crt32st\startup\stdenvp.c
373	.bss	0x00020130	2	0	3	1	D:\nt\private\crt32st\startup\stdenvp.c
375	FLAT	0x00000000	-1	0	3	0	D:\nt\private\crt32st\startup\stdenvp.c
376	.file	0x00000183	-2	0	103	3	D:\nt\private\crt32st\string\strupr.c
380	.text	0x00015fbc	1	0	3	1	D:\nt\private\crt32st\string\strupr.c
382	.data	0x00032250	3	0	3	1	D:\nt\private\crt32st\string\strupr.c
384	.bss	0x00020130	2	0	3	1	D:\nt\private\crt32st\string\strupr.c
386	FLAT	0x00000000	-1	0	3	0	D:\nt\private\crt32st\string\strupr.c
387	.file	0x0000018c	-2	0	103	1	c:\c6\\cmerge\
389	.text	0x00015fec	1	0	3	1	c:\c6\\cmerge\
391	.data	0x00032250	3	0	3	1	c:\c6\\cmerge\
393	.bss	0x00020130	2	0	3	1	c:\c6\\cmerge\
395	FLAT	0x00000000	-1	0	3	0	c:\c6\\cmerge\
396	.file	0x00000196	-2	0	103	2	D:\nt\private\crt32st\misc\getenv.c
399	.text	0x000162ac	1	0	3	1	D:\nt\private\crt32st\misc\getenv.c
401	.data	0x00032310	3	0	3	1	D:\nt\private\crt32st\misc\getenv.c
403	.bss	0x00020140	2	0	3	1	D:\nt\private\crt32st\misc\getenv.c
405	FLAT	0x00000000	-1	0	3	0	D:\nt\private\crt32st\misc\getenv.c
406	.file	0x0000019f	-2	0	103	1	c:\c6\\cmerge\
408	.text	0x0001632c	1	0	3	1	c:\c6\\cmerge\
410	.data	0x00032310	3	0	3	1	c:\c6\\cmerge\
412	.bss	0x00020140	2	0	3	1	c:\c6\\cmerge\
414	FLAT	0x00000000	-1	0	3	0	c:\c6\\cmerge\
415	.file	0x000001a9	-2	0	103	2	D:\nt\private\crt32st\heap\malloc.c
418	.text	0x0001638c	1	0	3	1	D:\nt\private\crt32st\heap\malloc.c
420	.data	0x00032330	3	0	3	1	D:\nt\private\crt32st\heap\malloc.c
422	.bss	0x00020140	2	0	3	1	D:\nt\private\crt32st\heap\malloc.c
424	FLAT	0x00000000	-1	0	3	0	D:\nt\private\crt32st\heap\malloc.c
425	.file	0x000001b6	-2	0	103	3	D:\nt\private\crt32st\heap\heapgrow.c
429	.text	0x0001648c	1	0	3	1	D:\nt\private\crt32st\heap\heapgrow.c
431	.data	0x00032330	3	0	3	1	D:\nt\private\crt32st\heap\heapgrow.c
433	.bss	0x00020140	2	0	3	1	D:\nt\private\crt32st\heap\heapgrow.c
435	FLAT	0x00000000	-1	0	3	0	D:\nt\private\crt32st\heap\heapgrow.c
436	_heap_new_region	0x00016500	1	0	3	0	D:\nt\private\crt32st\heap\heapgrow.c
437	.idata$6	0x00040284	4	0	3	0	D:\nt\private\crt32st\heap\heapgrow.c
438	.file	0x000001c1	-2	0	103	2	D:\nt\private\crt32st\heap\heapadd.c
441	.text	0x000166c2	1	0	3	1	D:\nt\private\crt32st\heap\heapadd.c
443	.data	0x00032330	3	0	3	1	D:\nt\private\crt32st\heap\heapadd.c
445	.bss	0x00020140	2	0	3	1	D:\nt\private\crt32st\heap\heapadd.c
447	FLAT	0x00000000	-1	0	3	0	D:\nt\private\crt32st\heap\heapadd.c
448	_before	0x000168c2	1	0	3	0	D:\nt\private\crt32st\heap\heapadd.c
449	.file	0x000001cc	-2	0	103	3	D:\nt\private\crt32st\heap\findaddr.c
453	.text	0x00016962	1	0	3	1	D:\nt\private\crt32st\heap\findaddr.c
455	.data	0x00032330	3	0	3	1	D:\nt\private\crt32st\heap\findaddr.c
457	.bss	0x00020140	2	0	3	1	D:\nt\private\crt32st\heap\findaddr.c
459	FLAT	0x00000000	-1	0	3	0	D:\nt\private\crt32st\heap\findaddr.c
460	.file	0x000001d7	-2	0	103	3	D:\nt\private\crt32st\heap\heapsrch.c
464	.text	0x000169e2	1	0	3	1	D:\nt\private\crt32st\heap\heapsrch.c
466	.data	0x00032330	3	0	3	1	D:\nt\private\crt32st\heap\heapsrch.c
468	.bss	0x00020140	2	0	3	1	D:\nt\private\crt32st\heap\heapsrch.c
470	FLAT	0x00000000	-1	0	3	0	D:\nt\private\crt32st\heap\heapsrch.c
471	.file	0x000001e2	-2	0	103	3	D:\nt\private\crt32st\string\memchr.c
475	.text	0x00016b02	1	0	3	1	D:\nt\private\crt32st\string\memchr.c
477	.data	0x00032330	3	0	3	1	D:\nt\private\crt32st\string\memchr.c
479	.bss	0x00020140	2	0	3	1	D:\nt\private\crt32st\string\memchr.c
481	FLAT	0x00000000	-1	0	3	0	D:\nt\private\crt32st\string\memchr.c
482	.file	0x000001ed	-2	0	103	2	D:\nt\private\crt32st\heap\realloc.c
485	.text	0x00016b42	1	0	3	1	D:\nt\private\crt32st\heap\realloc.c
487	.data	0x00032330	3	0	3	1	D:\nt\private\crt32st\heap\realloc.c
489	.bss	0x00020140	2	0	3	1	D:\nt\private\crt32st\heap\realloc.c
491	FLAT	0x00000000	-1	0	3	0	D:\nt\private\crt32st\heap\realloc.c
492	_heap_expand_block	0x00016d6e	1	0	3	0	D:\nt\private\crt32st\heap\realloc.c
493	.file	0x000001f6	-2	0	103	1	c:\c6\\cmerge\
495	.text	0x00016df2	1	0	3	1	c:\c6\\cmerge\
497	.data	0x00032330	3	0	3	1	c:\c6\\cmerge\
499	.bss	0x00020140	2	0	3	1	c:\c6\\cmerge\
501	FLAT	0x00000000	-1	0	3	0	c:\c6\\cmerge\
502	.file	0x000001fb	-2	0	103	1	i386\stubs.asm
504	.text	0x00016e42	1	0	3	1	i386\stubs.asm
506	FLAT	0x00000000	-1	0	3	0	i386\stubs.asm
507	.file	0x00000206	-2	0	103	3	D:\nt\private\crt32st\exec\spawnvpe.c
511	.text	0x00016e62	1	0	3	1	D:\nt\private\crt32st\exec\spawnvpe.c
513	.data	0x00032350	3	0	3	1	D:\nt\private\crt32st\exec\spawnvpe.c
515	.bss	0x00020140	2	0	3	1	D:\nt\private\crt32st\exec\spawnvpe.c
517	FLAT	0x00000000	-1	0	3	0	D:\nt\private\crt32st\exec\spawnvpe.c
518	.file	0x00000210	-2	0	103	2	D:\nt\private\crt32st\misc\getpath.c
521	.text	0x00017032	1	0	3	1	D:\nt\private\crt32st\misc\getpath.c
523	.data	0x00032360	3	0	3	1	D:\nt\private\crt32st\misc\getpath.c
525	.bss	0x00020140	2	0	3	1	D:\nt\private\crt32st\misc\getpath.c
527	FLAT	0x00000000	-1	0	3	0	D:\nt\private\crt32st\misc\getpath.c
528	.file	0x0000021b	-2	0	103	2	D:\nt\private\crt32st\exec\spawnve.c
531	.text	0x000170d2	1	0	3	1	D:\nt\private\crt32st\exec\spawnve.c
533	.data	0x00032360	3	0	3	1	D:\nt\private\crt32st\exec\spawnve.c
535	.bss	0x00020140	2	0	3	1	D:\nt\private\crt32st\exec\spawnve.c
537	FLAT	0x00000000	-1	0	3	0	D:\nt\private\crt32st\exec\spawnve.c
538	comexecmd	0x000170d2	1	0	3	0	D:\nt\private\crt32st\exec\spawnve.c
539	.file	0x00000225	-2	0	103	2	D:\nt\private\crt32st\exec\cenvarg.c
542	.text	0x00017422	1	0	3	1	D:\nt\private\crt32st\exec\cenvarg.c
544	.data	0x000323b0	3	0	3	1	D:\nt\private\crt32st\exec\cenvarg.c
546	.bss	0x00020140	2	0	3	1	D:\nt\private\crt32st\exec\cenvarg.c
548	FLAT	0x00000000	-1	0	3	0	D:\nt\private\crt32st\exec\cenvarg.c
549	.file	0x00000232	-2	0	103	2	D:\nt\private\crt32st\exec\dospawn.c
552	.text	0x00017762	1	0	3	1	D:\nt\private\crt32st\exec\dospawn.c
554	.data	0x000323c0	3	0	3	1	D:\nt\private\crt32st\exec\dospawn.c
556	.bss	0x00020140	2	0	3	1	D:\nt\private\crt32st\exec\dospawn.c
558	FLAT	0x00000000	-1	0	3	0	D:\nt\private\crt32st\exec\dospawn.c
559	.idata$6	0x00040292	4	0	3	0	D:\nt\private\crt32st\exec\dospawn.c
560	.idata$6	0x000402a4	4	0	3	0	D:\nt\private\crt32st\exec\dospawn.c
561	.idata$6	0x000402ba	4	0	3	0	D:\nt\private\crt32st\exec\dospawn.c
562	.file	0x0000023d	-2	0	103	3	D:\nt\private\crt32st\misc\searchen.c
566	.text	0x00017934	1	0	3	1	D:\nt\private\crt32st\misc\searchen.c
568	.data	0x000323d0	3	0	3	1	D:\nt\private\crt32st\misc\searchen.c
570	.bss	0x00020140	2	0	3	1	D:\nt\private\crt32st\misc\searchen.c
572	FLAT	0x00000000	-1	0	3	0	D:\nt\private\crt32st\misc\searchen.c
573	.file	0x00000249	-2	0	103	2	D:\nt\private\crt32st\dos\getcwd.c
576	.text	0x00017a74	1	0	3	1	D:\nt\private\crt32st\dos\getcwd.c
578	.data	0x000323e0	3	0	3	1	D:\nt\private\crt32st\dos\getcwd.c
580	.bss	0x00020140	2	0	3	1	D:\nt\private\crt32st\dos\getcwd.c
582	FLAT	0x00000000	-1	0	3	0	D:\nt\private\crt32st\dos\getcwd.c
583	.idata$6	0x000402d0	4	0	3	0	D:\nt\private\crt32st\dos\getcwd.c
584	.idata$6	0x000402e8	4	0	3	0	D:\nt\private\crt32st\dos\getcwd.c
585	.file	0x00000259	-2	0	103	2	D:\nt\private\crt32st\dos\stat.c
588	.text	0x00017c00	1	0	3	1	D:\nt\private\crt32st\dos\stat.c
590	.data	0x000323e0	3	0	3	1	D:\nt\private\crt32st\dos\stat.c
592	.bss	0x00020140	2	0	3	1	D:\nt\private\crt32st\dos\stat.c
594	FLAT	0x00000000	-1	0	3	0	D:\nt\private\crt32st\dos\stat.c
595	_dtoxmode	0x00017c00	1	0	3	0	D:\nt\private\crt32st\dos\stat.c
596	.idata$6	0x00040302	4	0	3	0	D:\nt\private\crt32st\dos\stat.c
597	.idata$6	0x0004031a	4	0	3	0	D:\nt\private\crt32st\dos\stat.c
598	.idata$6	0x00040326	4	0	3	0	D:\nt\private\crt32st\dos\stat.c
599	.idata$6	0x00040338	4	0	3	0	D:\nt\private\crt32st\dos\stat.c
600	.idata$6	0x00040348	4	0	3	0	D:\nt\private\crt32st\dos\stat.c
601	.file	0x00000264	-2	0	103	3	D:\nt\private\crt32st\time\dtoxtime.c
605	.text	0x00017f6e	1	0	3	1	D:\nt\private\crt32st\time\dtoxtime.c
607	.data	0x00032400	3	0	3	1	D:\nt\private\crt32st\time\dtoxtime.c
609	.bss	0x00020140	2	0	3	1	D:\nt\private\crt32st\time\dtoxtime.c
611	FLAT	0x00000000	-1	0	3	0	D:\nt\private\crt32st\time\dtoxtime.c
612	.file	0x0000026e	-2	0	103	2	D:\nt\private\crt32st\time\tzset.c
615	.text	0x0001803e	1	0	3	1	D:\nt\private\crt32st\time\tzset.c
617	.data	0x00032400	3	0	3	1	D:\nt\private\crt32st\time\tzset.c
619	.bss	0x00020140	2	0	3	1	D:\nt\private\crt32st\time\tzset.c
621	FLAT	0x00000000	-1	0	3	0	D:\nt\private\crt32st\time\tzset.c
622	.file	0x00000278	-2	0	103	2	D:\nt\private\crt32st\time\timeset.c
625	.text	0x000181ce	1	0	3	1	D:\nt\private\crt32st\time\timeset.c
627	.data	0x00032410	3	0	3	1	D:\nt\private\crt32st\time\timeset.c
629	.bss	0x00020150	2	0	3	1	D:\nt\private\crt32st\time\timeset.c
631	FLAT	0x00000000	-1	0	3	0	D:\nt\private\crt32st\time\timeset.c
632	.file	0x00000282	-2	0	103	2	D:\nt\private\crt32st\time\days.c
635	.text	0x000181ce	1	0	3	1	D:\nt\private\crt32st\time\days.c
637	.data	0x00032470	3	0	3	1	D:\nt\private\crt32st\time\days.c
639	.bss	0x00020150	2	0	3	1	D:\nt\private\crt32st\time\days.c
641	FLAT	0x00000000	-1	0	3	0	D:\nt\private\crt32st\time\days.c
642	.file	0x0000028c	-2	0	103	2	D:\nt\private\crt32st\dos\fullpath.c
645	.text	0x000181ce	1	0	3	1	D:\nt\private\crt32st\dos\fullpath.c
647	.data	0x000324e0	3	0	3	1	D:\nt\private\crt32st\dos\fullpath.c
649	.bss	0x00020150	2	0	3	1	D:\nt\private\crt32st\dos\fullpath.c
651	FLAT	0x00000000	-1	0	3	0	D:\nt\private\crt32st\dos\fullpath.c
652	.file	0x00000297	-2	0	103	2	D:\nt\private\crt32st\dos\drive.c
655	.text	0x0001848e	1	0	3	1	D:\nt\private\crt32st\dos\drive.c
657	.data	0x000324e0	3	0	3	1	D:\nt\private\crt32st\dos\drive.c
659	.bss	0x00020150	2	0	3	1	D:\nt\private\crt32st\dos\drive.c
661	FLAT	0x00000000	-1	0	3	0	D:\nt\private\crt32st\dos\drive.c
662	.idata$6	0x0004035c	4	0	3	0	D:\nt\private\crt32st\dos\drive.c
663	.file	0x000002a1	-2	0	103	2	D:\nt\private\crt32st\convert\atox.c
666	.text	0x000185e4	1	0	3	1	D:\nt\private\crt32st\convert\atox.c
668	.data	0x000324e0	3	0	3	1	D:\nt\private\crt32st\convert\atox.c
670	.bss	0x00020150	2	0	3	1	D:\nt\private\crt32st\convert\atox.c
672	FLAT	0x00000000	-1	0	3	0	D:\nt\private\crt32st\convert\atox.c
673	.file	0x000002ab	-2	0	103	2	D:\nt\private\crt32st\heap\calloc.c
676	.text	0x00018674	1	0	3	1	D:\nt\private\crt32st\heap\calloc.c
678	.data	0x000324e0	3	0	3	1	D:\nt\private\crt32st\heap\calloc.c
680	.bss	0x00020150	2	0	3	1	D:\nt\private\crt32st\heap\calloc.c
682	FLAT	0x00000000	-1	0	3	0	D:\nt\private\crt32st\heap\calloc.c
683	.file	0x000002b6	-2	0	103	3	D:\nt\private\crt32st\string\strcat.c
687	.text	0x000186c4	1	0	3	1	D:\nt\private\crt32st\string\strcat.c
689	.data	0x000324e0	3	0	3	1	D:\nt\private\crt32st\string\strcat.c
691	.bss	0x00020150	2	0	3	1	D:\nt\private\crt32st\string\strcat.c
693	FLAT	0x00000000	-1	0	3	0	D:\nt\private\crt32st\string\strcat.c
694	.file	0x000002c1	-2	0	103	3	D:\nt\private\crt32st\string\strchr.c
698	.text	0x00018714	1	0	3	1	D:\nt\private\crt32st\string\strchr.c
700	.data	0x000324e0	3	0	3	1	D:\nt\private\crt32st\string\strchr.c
702	.bss	0x00020150	2	0	3	1	D:\nt\private\crt32st\string\strchr.c
704	FLAT	0x00000000	-1	0	3	0	D:\nt\private\crt32st\string\strchr.c
705	.file	0x000002cc	-2	0	103	3	D:\nt\private\crt32st\string\strcmp.c
709	.text	0x00018744	1	0	3	1	D:\nt\private\crt32st\string\strcmp.c
711	.data	0x000324e0	3	0	3	1	D:\nt\private\crt32st\string\strcmp.c
713	.bss	0x00020150	2	0	3	1	D:\nt\private\crt32st\string\strcmp.c
715	FLAT	0x00000000	-1	0	3	0	D:\nt\private\crt32st\string\strcmp.c
716	.file	0x000002d7	-2	0	103	3	D:\nt\private\crt32st\string\strlen.c
720	.text	0x00018794	1	0	3	1	D:\nt\private\crt32st\string\strlen.c
722	.data	0x000324e0	3	0	3	1	D:\nt\private\crt32st\string\strlen.c
724	.bss	0x00020150	2	0	3	1	D:\nt\private\crt32st\string\strlen.c
726	FLAT	0x00000000	-1	0	3	0	D:\nt\private\crt32st\string\strlen.c
727	.file	0x000002e2	-2	0	103	3	D:\nt\private\crt32st\string\strncmp.c
731	.text	0x000187b4	1	0	3	1	D:\nt\private\crt32st\string\strncmp.c
733	.data	0x000324e0	3	0	3	1	D:\nt\private\crt32st\string\strncmp.c
735	.bss	0x00020150	2	0	3	1	D:\nt\private\crt32st\string\strncmp.c
737	FLAT	0x00000000	-1	0	3	0	D:\nt\private\crt32st\string\strncmp.c
738	.file	0x000002ed	-2	0	103	3	D:\nt\private\crt32st\string\strncpy.c
742	.text	0x000187f4	1	0	3	1	D:\nt\private\crt32st\string\strncpy.c
744	.data	0x000324e0	3	0	3	1	D:\nt\private\crt32st\string\strncpy.c
746	.bss	0x00020150	2	0	3	1	D:\nt\private\crt32st\string\strncpy.c
748	FLAT	0x00000000	-1	0	3	0	D:\nt\private\crt32st\string\strncpy.c
749	.file	0x000002f8	-2	0	103	3	D:\nt\private\crt32st\string\strpbrk.c
753	.text	0x00018834	1	0	3	1	D:\nt\private\crt32st\string\strpbrk.c
755	.data	0x000324e0	3	0	3	1	D:\nt\private\crt32st\string\strpbrk.c
757	.bss	0x00020150	2	0	3	1	D:\nt\private\crt32st\string\strpbrk.c
759	FLAT	0x00000000	-1	0	3	0	D:\nt\private\crt32st\string\strpbrk.c
760	.file	0x00000000	-2	0	103	3	D:\nt\private\crt32st\string\strrchr.c
764	.text	0x000188b4	1	0	3	1	D:\nt\private\crt32st\string\strrchr.c
766	.data	0x000324e0	3	0	3	1	D:\nt\private\crt32st\string\strrchr.c
768	.bss	0x00020150	2	0	3	1	D:\nt\private\crt32st\string\strrchr.c
770	FLAT	0x00000000	-1	0	3	0	D:\nt\private\crt32st\string\strrchr.c
771	.idata$6	0x00040374	4	0	3	0	D:\nt\private\crt32st\string\strrchr.c
772	.idata$6	0x00040396	4	0	3	0	D:\nt\private\crt32st\string\strrchr.c
773	__except_list	0x00000000	-1	0	2	0	D:\nt\private\crt32st\string\strrchr.c
774	header	0x00000000	-2	0	2	0	D:\nt\private\crt32st\string\strrchr.c
775	_main	0x00010000	1	0	2	0	D:\nt\private\crt32st\string\strrchr.c
776	_Do_Link	0x0001028c	1	0	2	0	D:\nt\private\crt32st\string\strrchr.c
777	_process_cmdline	0x00010299	1	0	2	0	D:\nt\private\crt32st\string\strrchr.c
778	_tailmatch	0x000103e8	1	0	2	0	D:\nt\private\crt32st\string\strrchr.c
779	_get_switch_list	0x00010446	1	0	2	0	D:\nt\private\crt32st\string\strrchr.c
780	_get_string	0x000104d7	1	0	2	0	D:\nt\private\crt32st\string\strrchr.c
781	_get_list	0x00010524	1	0	2	0	D:\nt\private\crt32st\string\strrchr.c
782	_get_number	0x0001058b	1	0	2	0	D:\nt\private\crt32st\string\strrchr.c
783	_get_threshold	0x000105c9	1	0	2	0	D:\nt\private\crt32st\string\strrchr.c
784	_set_flag	0x000105f4	1	0	2	0	D:\nt\private\crt32st\string\strrchr.c
785	_reset_flag	0x00010602	1	0	2	0	D:\nt\private\crt32st\string\strrchr.c
786	_set_Oflag	0x00010610	1	0	2	0	D:\nt\private\crt32st\string\strrchr.c
787	_reset_Oflag	0x00010663	1	0	2	0	D:\nt\private\crt32st\string\strrchr.c
788	_SetupErrors	0x000106b5	1	0	2	0	D:\nt\private\crt32st\string\strrchr.c
789	_Emit1	0x000106f0	1	0	2	0	D:\nt\private\crt32st\string\strrchr.c
790	_Emit2	0x0001070a	1	0	2	0	D:\nt\private\crt32st\string\strrchr.c
791	_EmitTogether	0x00010721	1	0	2	0	D:\nt\private\crt32st\string\strrchr.c
792	_basename	0x00010762	1	0	2	0	D:\nt\private\crt32st\string\strrchr.c
793	_fullname	0x000107b5	1	0	2	0	D:\nt\private\crt32st\string\strrchr.c
794	_fix_suffix	0x0001088a	1	0	2	0	D:\nt\private\crt32st\string\strrchr.c
795	_make_temp_files	0x000108e9	1	0	2	0	D:\nt\private\crt32st\string\strrchr.c
796	_delfiles	0x00010935	1	0	2	0	D:\nt\private\crt32st\string\strrchr.c
797	_listargs	0x000109a0	1	0	2	0	D:\nt\private\crt32st\string\strrchr.c
798	_is_path	0x000109ef	1	0	2	0	D:\nt\private\crt32st\string\strrchr.c
799	_give_path	0x00010a46	1	0	2	0	D:\nt\private\crt32st\string\strrchr.c
800	_catargs	0x00010ac3	1	0	2	0	D:\nt\private\crt32st\string\strrchr.c
801	_compile_cxx	0x00010b04	1	0	2	0	D:\nt\private\crt32st\string\strrchr.c
802	_compile_c	0x00010b19	1	0	2	0	D:\nt\private\crt32st\string\strrchr.c
803	_compile	0x00010b2e	1	0	2	0	D:\nt\private\crt32st\string\strrchr.c
804	_C1	0x00010d29	1	0	2	0	D:\nt\private\crt32st\string\strrchr.c
805	_P2	0x000110a6	1	0	2	0	D:\nt\private\crt32st\string\strrchr.c
806	_P3	0x000112c5	1	0	2	0	D:\nt\private\crt32st\string\strrchr.c
807	_emit_various_files	0x00011478	1	0	2	0	D:\nt\private\crt32st\string\strrchr.c
808	_EmitListing	0x0001167d	1	0	2	0	D:\nt\private\crt32st\string\strrchr.c
809	_truncate	0x00011782	1	0	2	0	D:\nt\private\crt32st\string\strrchr.c
810	_setup	0x000117ac	1	0	2	0	D:\nt\private\crt32st\string\strrchr.c
811	_emit_to_link	0x00011800	1	0	2	0	D:\nt\private\crt32st\string\strrchr.c
812	_to_link	0x0001186e	1	0	2	0	D:\nt\private\crt32st\string\strrchr.c
813	_emit_switches	0x000118ba	1	0	2	0	D:\nt\private\crt32st\string\strrchr.c
814	_do_undefine	0x00011a71	1	0	2	0	D:\nt\private\crt32st\string\strrchr.c
815	_emit_def_defines	0x00011ac2	1	0	2	0	D:\nt\private\crt32st\string\strrchr.c
816	_emit_defines	0x00011af0	1	0	2	0	D:\nt\private\crt32st\string\strrchr.c
817	_emit_includes	0x00011b8b	1	0	2	0	D:\nt\private\crt32st\string\strrchr.c
818	_do_check	0x00011c15	1	0	2	0	D:\nt\private\crt32st\string\strrchr.c
819	_get_deffile	0x00011fda	1	0	2	0	D:\nt\private\crt32st\string\strrchr.c
820	_get_libfile	0x0001200c	1	0	2	0	D:\nt\private\crt32st\string\strrchr.c
821	_unoptimize	0x00012042	1	0	2	0	D:\nt\private\crt32st\string\strrchr.c
822	_optimize_all	0x000120b9	1	0	2	0	D:\nt\private\crt32st\string\strrchr.c
823	_set_opttime	0x00012114	1	0	2	0	D:\nt\private\crt32st\string\strrchr.c
824	_set_optspace	0x00012146	1	0	2	0	D:\nt\private\crt32st\string\strrchr.c
825	_set_pcode_gen	0x00012178	1	0	2	0	D:\nt\private\crt32st\string\strrchr.c
826	_set_fastcall	0x00012185	1	0	2	0	D:\nt\private\crt32st\string\strrchr.c
827	_set_C_call	0x000121a8	1	0	2	0	D:\nt\private\crt32st\string\strrchr.c
828	_set_PLM_call	0x000121cb	1	0	2	0	D:\nt\private\crt32st\string\strrchr.c
829	_set_std_call	0x000121e4	1	0	2	0	D:\nt\private\crt32st\string\strrchr.c
830	_set_window_call	0x00012207	1	0	2	0	D:\nt\private\crt32st\string\strrchr.c
831	_set_GW	0x0001221b	1	0	2	0	D:\nt\private\crt32st\string\strrchr.c
832	_set_Gq	0x0001222f	1	0	2	0	D:\nt\private\crt32st\string\strrchr.c
833	_set_EPflag	0x00012243	1	0	2	0	D:\nt\private\crt32st\string\strrchr.c
834	_set_Pflag	0x00012250	1	0	2	0	D:\nt\private\crt32st\string\strrchr.c
835	_check_mod	0x00012262	1	0	2	0	D:\nt\private\crt32st\string\strrchr.c
836	_set_processor	0x0001229d	1	0	2	0	D:\nt\private\crt32st\string\strrchr.c
837	_emit_switch_num	0x000123c9	1	0	2	0	D:\nt\private\crt32st\string\strrchr.c
838	_emit_switch_num_no_blank	0x00012426	1	0	2	0	D:\nt\private\crt32st\string\strrchr.c
839	_set_c	0x00012458	1	0	2	0	D:\nt\private\crt32st\string\strrchr.c
840	_emit_threshold	0x00012467	1	0	2	0	D:\nt\private\crt32st\string\strrchr.c
841	_set_incr_comp	0x0001248f	1	0	2	0	D:\nt\private\crt32st\string\strrchr.c
842	_get_version	0x000124b7	1	0	2	0	D:\nt\private\crt32st\string\strrchr.c
843	_set_ML	0x000124e9	1	0	2	0	D:\nt\private\crt32st\string\strrchr.c
844	_set_MT	0x00012521	1	0	2	0	D:\nt\private\crt32st\string\strrchr.c
845	_set_MD	0x00012559	1	0	2	0	D:\nt\private\crt32st\string\strrchr.c
846	_set_FPi_Aw	0x00012591	1	0	2	0	D:\nt\private\crt32st\string\strrchr.c
847	_uppercase	0x000125b3	1	0	2	0	D:\nt\private\crt32st\string\strrchr.c
848	_getmem	0x000125d6	1	0	2	0	D:\nt\private\crt32st\string\strrchr.c
849	_reset_pool	0x00012608	1	0	2	0	D:\nt\private\crt32st\string\strrchr.c
850	_stringdup	0x0001264a	1	0	2	0	D:\nt\private\crt32st\string\strrchr.c
851	_strpermdup	0x00012674	1	0	2	0	D:\nt\private\crt32st\string\strrchr.c
852	_out_of_memory	0x000126a9	1	0	2	0	D:\nt\private\crt32st\string\strrchr.c
853	_ignore_flag	0x000126bd	1	0	2	0	D:\nt\private\crt32st\string\strrchr.c
854	_strip_quote	0x000126be	1	0	2	0	D:\nt\private\crt32st\string\strrchr.c
855	_print_usage	0x000126ea	1	0	2	0	D:\nt\private\crt32st\string\strrchr.c
856	_get_inline_choice	0x000126fe	1	0	2	0	D:\nt\private\crt32st\string\strrchr.c
857	_create_ext_defines	0x00012756	1	0	2	0	D:\nt\private\crt32st\string\strrchr.c
858	_set_tiny_model	0x000127c0	1	0	2	0	D:\nt\private\crt32st\string\strrchr.c
859	_set_small_model	0x000127c9	1	0	2	0	D:\nt\private\crt32st\string\strrchr.c
860	_set_compact_model	0x000127d4	1	0	2	0	D:\nt\private\crt32st\string\strrchr.c
861	_set_medium_model	0x000127dd	1	0	2	0	D:\nt\private\crt32st\string\strrchr.c
862	_set_large_model	0x000127e6	1	0	2	0	D:\nt\private\crt32st\string\strrchr.c
863	_set_huge_model	0x000127ef	1	0	2	0	D:\nt\private\crt32st\string\strrchr.c
864	_set_near_code	0x000127f8	1	0	2	0	D:\nt\private\crt32st\string\strrchr.c
865	_set_far_code	0x0001280c	1	0	2	0	D:\nt\private\crt32st\string\strrchr.c
866	_set_near_data	0x00012815	1	0	2	0	D:\nt\private\crt32st\string\strrchr.c
867	_set_far_data	0x0001282d	1	0	2	0	D:\nt\private\crt32st\string\strrchr.c
868	_set_huge_data	0x00012836	1	0	2	0	D:\nt\private\crt32st\string\strrchr.c
869	_set_ss_equ_ds	0x0001283f	1	0	2	0	D:\nt\private\crt32st\string\strrchr.c
870	_set_ss_dif_ds	0x0001285a	1	0	2	0	D:\nt\private\crt32st\string\strrchr.c
871	_set_ss_dif_ds_load_ds	0x00012895	1	0	2	0	D:\nt\private\crt32st\string\strrchr.c
872	_do_default_model	0x000128b7	1	0	2	0	D:\nt\private\crt32st\string\strrchr.c
873	_set_FPc	0x00012917	1	0	2	0	D:\nt\private\crt32st\string\strrchr.c
874	_set_FPc87	0x00012929	1	0	2	0	D:\nt\private\crt32st\string\strrchr.c
875	_set_FP87	0x0001293b	1	0	2	0	D:\nt\private\crt32st\string\strrchr.c
876	_set_FPa	0x0001295d	1	0	2	0	D:\nt\private\crt32st\string\strrchr.c
877	_set_FPoption	0x00012971	1	0	2	0	D:\nt\private\crt32st\string\strrchr.c
878	_get_packsize	0x000129ad	1	0	2	0	D:\nt\private\crt32st\string\strrchr.c
879	_set_default_optim	0x00012a13	1	0	2	0	D:\nt\private\crt32st\string\strrchr.c
880	_quote_arg	0x00012aca	1	0	2	0	D:\nt\private\crt32st\string\strrchr.c
881	_concat	0x00012b3c	1	0	2	0	D:\nt\private\crt32st\string\strrchr.c
882	_dosystem	0x00012bb5	1	0	2	0	D:\nt\private\crt32st\string\strrchr.c
883	_expand_libs	0x00012f1f	1	0	2	0	D:\nt\private\crt32st\string\strrchr.c
884	_do_target	0x00012f20	1	0	2	0	D:\nt\private\crt32st\string\strrchr.c
885	_defines_target	0x00012f3b	1	0	2	0	D:\nt\private\crt32st\string\strrchr.c
886	_logo	0x00012fd0	1	0	2	0	D:\nt\private\crt32st\string\strrchr.c
887	_sys_include	0x00013019	1	0	2	0	D:\nt\private\crt32st\string\strrchr.c
888	_redirect	0x00013120	1	0	2	0	D:\nt\private\crt32st\string\strrchr.c
889	_intclean	0x00013151	1	0	2	0	D:\nt\private\crt32st\string\strrchr.c
890	_D_init	0x00013174	1	0	2	0	D:\nt\private\crt32st\string\strrchr.c
891	_Link	0x000131b8	1	0	2	0	D:\nt\private\crt32st\string\strrchr.c
892	_fix_slash	0x0001365d	1	0	2	0	D:\nt\private\crt32st\string\strrchr.c
893	_help	0x0001368f	1	0	2	0	D:\nt\private\crt32st\string\strrchr.c
894	_pause	0x000137d9	1	0	2	0	D:\nt\private\crt32st\string\strrchr.c
895	_print_header	0x00013825	1	0	2	0	D:\nt\private\crt32st\string\strrchr.c
896	_path_open	0x0001385d	1	0	2	0	D:\nt\private\crt32st\string\strrchr.c
897	_getpath	0x0001388e	1	0	2	0	D:\nt\private\crt32st\string\strrchr.c
898	_path	0x000138fe	1	0	2	0	D:\nt\private\crt32st\string\strrchr.c
899	_path_or_fname	0x00013958	1	0	2	0	D:\nt\private\crt32st\string\strrchr.c
900	_get_envflags	0x000139fe	1	0	2	0	D:\nt\private\crt32st\string\strrchr.c
901	_getflags	0x00013a15	1	0	2	0	D:\nt\private\crt32st\string\strrchr.c
902	_name_check	0x00013aef	1	0	2	0	D:\nt\private\crt32st\string\strrchr.c
903	_check_quick	0x00013b65	1	0	2	0	D:\nt\private\crt32st\string\strrchr.c
904	_strncmpi	0x00013bbe	1	0	2	0	D:\nt\private\crt32st\string\strrchr.c
905	_get_parens	0x00013bea	1	0	2	0	D:\nt\private\crt32st\string\strrchr.c
906	_Bind	0x00013c9b	1	0	2	0	D:\nt\private\crt32st\string\strrchr.c
907	_casecmp	0x00013da8	1	0	2	0	D:\nt\private\crt32st\string\strrchr.c
908	_assemble	0x00013dc0	1	0	2	0	D:\nt\private\crt32st\string\strrchr.c
909	_emitmasm	0x00013fd5	1	0	2	0	D:\nt\private\crt32st\string\strrchr.c
910	_to_masm	0x0001400c	1	0	2	0	D:\nt\private\crt32st\string\strrchr.c
911	__access	0x00014060	1	0	2	0	D:\nt\private\crt32st\string\strrchr.c
912	_GetFileAttributesA	0x000140c0	1	0	2	0	D:\nt\private\crt32st\string\strrchr.c
913	_GetLastError	0x000140c6	1	0	2	0	D:\nt\private\crt32st\string\strrchr.c
914	__chkstk	0x000140cc	1	0	2	0	D:\nt\private\crt32st\string\strrchr.c
915	__close	0x000140fc	1	0	2	0	D:\nt\private\crt32st\string\strrchr.c
916	_CloseHandle	0x0001417c	1	0	2	0	D:\nt\private\crt32st\string\strrchr.c
917	__cinit	0x00014182	1	0	2	0	D:\nt\private\crt32st\string\strrchr.c
918	_exit	0x00014262	1	0	2	0	D:\nt\private\crt32st\string\strrchr.c
919	__exit	0x00014276	1	0	2	0	D:\nt\private\crt32st\string\strrchr.c
920	__cexit	0x0001428a	1	0	2	0	D:\nt\private\crt32st\string\strrchr.c
921	__c_exit	0x0001429a	1	0	2	0	D:\nt\private\crt32st\string\strrchr.c
922	_ExitProcess	0x00014342	1	0	2	0	D:\nt\private\crt32st\string\strrchr.c
923	_GetFileType	0x00014348	1	0	2	0	D:\nt\private\crt32st\string\strrchr.c
924	_GetStdHandle	0x0001434e	1	0	2	0	D:\nt\private\crt32st\string\strrchr.c
925	__dosmaperr	0x00014354	1	0	2	0	D:\nt\private\crt32st\string\strrchr.c
926	__dup2	0x000143d4	1	0	2	0	D:\nt\private\crt32st\string\strrchr.c
927	_DuplicateHandle	0x000144b4	1	0	2	0	D:\nt\private\crt32st\string\strrchr.c
928	_GetCurrentProcess	0x000144ba	1	0	2	0	D:\nt\private\crt32st\string\strrchr.c
929	__alloc_osfhnd	0x000144c0	1	0	2	0	D:\nt\private\crt32st\string\strrchr.c
930	__set_osfhnd	0x00014500	1	0	2	0	D:\nt\private\crt32st\string\strrchr.c
931	__free_osfhnd	0x0001457c	1	0	2	0	D:\nt\private\crt32st\string\strrchr.c
932	__get_osfhandle	0x00014600	1	0	2	0	D:\nt\private\crt32st\string\strrchr.c
933	__open_osfhandle	0x0001463c	1	0	2	0	D:\nt\private\crt32st\string\strrchr.c
934	_SetStdHandle	0x000146e0	1	0	2	0	D:\nt\private\crt32st\string\strrchr.c
935	__mktemp	0x000146e6	1	0	2	0	D:\nt\private\crt32st\string\strrchr.c
936	__getpid	0x000147b6	1	0	2	0	D:\nt\private\crt32st\string\strrchr.c
937	_GetCurrentProcessId	0x000147c6	1	0	2	0	D:\nt\private\crt32st\string\strrchr.c
938	__open	0x000147cc	1	0	2	0	D:\nt\private\crt32st\string\strrchr.c
939	__sopen	0x000147e4	1	0	2	0	D:\nt\private\crt32st\string\strrchr.c
940	_CreateFileA	0x00014adc	1	0	2	0	D:\nt\private\crt32st\string\strrchr.c
941	_SetEndOfFile	0x00014ae2	1	0	2	0	D:\nt\private\crt32st\string\strrchr.c
942	__chsize	0x00014ae8	1	0	2	0	D:\nt\private\crt32st\string\strrchr.c
943	__lseek	0x00014c38	1	0	2	0	D:\nt\private\crt32st\string\strrchr.c
944	_SetFilePointer	0x00014cb8	1	0	2	0	D:\nt\private\crt32st\string\strrchr.c
945	__putenv	0x00014cbe	1	0	2	0	D:\nt\private\crt32st\string\strrchr.c
946	_SetEnvironmentVariableA	0x00014ede	1	0	2	0	D:\nt\private\crt32st\string\strrchr.c
947	__read	0x00014ee4	1	0	2	0	D:\nt\private\crt32st\string\strrchr.c
948	_ReadFile	0x00015124	1	0	2	0	D:\nt\private\crt32st\string\strrchr.c
949	__setmode	0x0001512a	1	0	2	0	D:\nt\private\crt32st\string\strrchr.c
950	__stricmp	0x000151ba	1	0	2	0	D:\nt\private\crt32st\string\strrchr.c
951	__strcmpi	0x000151ca	1	0	2	0	D:\nt\private\crt32st\string\strrchr.c
952	__strdup	0x0001522a	1	0	2	0	D:\nt\private\crt32st\string\strrchr.c
953	_remove	0x0001528a	1	0	2	0	D:\nt\private\crt32st\string\strrchr.c
954	__unlink	0x000152c6	1	0	2	0	D:\nt\private\crt32st\string\strrchr.c
955	_DeleteFileA	0x000152da	1	0	2	0	D:\nt\private\crt32st\string\strrchr.c
956	__write	0x000152e0	1	0	2	0	D:\nt\private\crt32st\string\strrchr.c
957	_WriteFile	0x000154e0	1	0	2	0	D:\nt\private\crt32st\string\strrchr.c
958	_eprin	0x000154e6	1	0	2	0	D:\nt\private\crt32st\string\strrchr.c
959	_print	0x00015513	1	0	2	0	D:\nt\private\crt32st\string\strrchr.c
960	_iprint	0x00015526	1	0	2	0	D:\nt\private\crt32st\string\strrchr.c
961	_oprint	0x00015563	1	0	2	0	D:\nt\private\crt32st\string\strrchr.c
962	_format	0x00015577	1	0	2	0	D:\nt\private\crt32st\string\strrchr.c
963	_do_format	0x0001558b	1	0	2	0	D:\nt\private\crt32st\string\strrchr.c
964	_l2a	0x00015650	1	0	2	0	D:\nt\private\crt32st\string\strrchr.c
965	_cmderr	0x0001569f	1	0	2	0	D:\nt\private\crt32st\string\strrchr.c
966	_cmdwarn	0x00015731	1	0	2	0	D:\nt\private\crt32st\string\strrchr.c
967	__itoa	0x00015832	1	0	2	0	D:\nt\private\crt32st\string\strrchr.c
968	__ltoa	0x0001585e	1	0	2	0	D:\nt\private\crt32st\string\strrchr.c
969	__ultoa	0x0001588e	1	0	2	0	D:\nt\private\crt32st\string\strrchr.c
970	_free	0x000158a6	1	0	2	0	D:\nt\private\crt32st\string\strrchr.c
971	__heap_abort	0x00015916	1	0	2	0	D:\nt\private\crt32st\string\strrchr.c
972	_mainCRTStartup	0x00015926	1	0	2	0	D:\nt\private\crt32st\string\strrchr.c
973	__amsg_exit	0x00015ab2	1	0	2	0	D:\nt\private\crt32st\string\strrchr.c
974	_GetCommandLineA	0x00015ad6	1	0	2	0	D:\nt\private\crt32st\string\strrchr.c
975	_GetEnvironmentStrings	0x00015adc	1	0	2	0	D:\nt\private\crt32st\string\strrchr.c
976	_GetStartupInfoA	0x00015ae2	1	0	2	0	D:\nt\private\crt32st\string\strrchr.c
977	_GetVersion	0x00015ae8	1	0	2	0	D:\nt\private\crt32st\string\strrchr.c
978	_UnhandledExceptionFilter	0x00015aee	1	0	2	0	D:\nt\private\crt32st\string\strrchr.c
979	__FF_MSGBANNER	0x00015af4	1	0	2	0	D:\nt\private\crt32st\string\strrchr.c
980	__NMSG_WRITE	0x00015b20	1	0	2	0	D:\nt\private\crt32st\string\strrchr.c
981	__except_handler	0x00015b94	1	0	2	0	D:\nt\private\crt32st\string\strrchr.c
982	__global_unwind	0x00015bf6	1	0	2	0	D:\nt\private\crt32st\string\strrchr.c
983	__local_unwind	0x00015bf6	1	0	2	0	D:\nt\private\crt32st\string\strrchr.c
984	_DbgPrint	0x00015c14	1	0	2	0	D:\nt\private\crt32st\string\strrchr.c
985	_RtlUnwind	0x00015c1a	1	0	2	0	D:\nt\private\crt32st\string\strrchr.c
986	__heap_init	0x00015c20	1	0	2	0	D:\nt\private\crt32st\string\strrchr.c
987	__heap_grow_emptylist	0x00015c34	1	0	2	0	D:\nt\private\crt32st\string\strrchr.c
988	_VirtualAlloc	0x00015c80	1	0	2	0	D:\nt\private\crt32st\string\strrchr.c
989	__setargv	0x00015c86	1	0	2	0	D:\nt\private\crt32st\string\strrchr.c
990	_GetModuleFileNameA	0x00015ea6	1	0	2	0	D:\nt\private\crt32st\string\strrchr.c
991	__setenvp	0x00015eac	1	0	2	0	D:\nt\private\crt32st\string\strrchr.c
992	__strupr	0x00015fbc	1	0	2	0	D:\nt\private\crt32st\string\strrchr.c
993	_get_message	0x00015fec	1	0	2	0	D:\nt\private\crt32st\string\strrchr.c
994	_get_unsigned	0x00016067	1	0	2	0	D:\nt\private\crt32st\string\strrchr.c
995	_get_msg	0x000160bd	1	0	2	0	D:\nt\private\crt32st\string\strrchr.c
996	_get_err	0x00016161	1	0	2	0	D:\nt\private\crt32st\string\strrchr.c
997	_getline	0x000161f4	1	0	2	0	D:\nt\private\crt32st\string\strrchr.c
998	_getenv	0x000162ac	1	0	2	0	D:\nt\private\crt32st\string\strrchr.c
999	_make_exe	0x0001632c	1	0	2	0	D:\nt\private\crt32st\string\strrchr.c
1000	_nextword	0x00016363	1	0	2	0	D:\nt\private\crt32st\string\strrchr.c
1001	_malloc	0x0001638c	1	0	2	0	D:\nt\private\crt32st\string\strrchr.c
1002	__heap_split_block	0x00016424	1	0	2	0	D:\nt\private\crt32st\string\strrchr.c
1003	__heap_grow	0x0001648c	1	0	2	0	D:\nt\private\crt32st\string\strrchr.c
1004	__heap_grow_region	0x0001658c	1	0	2	0	D:\nt\private\crt32st\string\strrchr.c
1005	__heap_free_region	0x00016660	1	0	2	0	D:\nt\private\crt32st\string\strrchr.c
1006	_VirtualFree	0x000166bc	1	0	2	0	D:\nt\private\crt32st\string\strrchr.c
1007	__heapadd	0x000166c2	1	0	2	0	D:\nt\private\crt32st\string\strrchr.c
1008	__heap_addblock	0x000166ee	1	0	2	0	D:\nt\private\crt32st\string\strrchr.c
1009	__heap_findaddr	0x00016962	1	0	2	0	D:\nt\private\crt32st\string\strrchr.c
1010	__heap_search	0x000169e2	1	0	2	0	D:\nt\private\crt32st\string\strrchr.c
1011	_memchr	0x00016b02	1	0	2	0	D:\nt\private\crt32st\string\strrchr.c
1012	_realloc	0x00016b42	1	0	2	0	D:\nt\private\crt32st\string\strrchr.c
1013	__expand	0x00016c62	1	0	2	0	D:\nt\private\crt32st\string\strrchr.c
1014	_index	0x00016df2	1	0	2	0	D:\nt\private\crt32st\string\strrchr.c
1015	_rindex	0x00016e17	1	0	2	0	D:\nt\private\crt32st\string\strrchr.c
1016	_open	0x00016e42	1	0	2	0	D:\nt\private\crt32st\string\strrchr.c
1017	_close	0x00016e47	1	0	2	0	D:\nt\private\crt32st\string\strrchr.c
1018	_write	0x00016e4c	1	0	2	0	D:\nt\private\crt32st\string\strrchr.c
1019	_spawnvpe	0x00016e51	1	0	2	0	D:\nt\private\crt32st\string\strrchr.c
1020	__spawnvpe	0x00016e62	1	0	2	0	D:\nt\private\crt32st\string\strrchr.c
1021	__getpath	0x00017032	1	0	2	0	D:\nt\private\crt32st\string\strrchr.c
1022	__spawnve	0x000171de	1	0	2	0	D:\nt\private\crt32st\string\strrchr.c
1023	__cenvarg	0x00017422	1	0	2	0	D:\nt\private\crt32st\string\strrchr.c
1024	__dospawn	0x00017762	1	0	2	0	D:\nt\private\crt32st\string\strrchr.c
1025	_CreateProcessA	0x00017922	1	0	2	0	D:\nt\private\crt32st\string\strrchr.c
1026	_GetExitCodeProcess	0x00017928	1	0	2	0	D:\nt\private\crt32st\string\strrchr.c
1027	_WaitForSingleObject	0x0001792e	1	0	2	0	D:\nt\private\crt32st\string\strrchr.c
1028	__searchenv	0x00017934	1	0	2	0	D:\nt\private\crt32st\string\strrchr.c
1029	__getcwd	0x00017a74	1	0	2	0	D:\nt\private\crt32st\string\strrchr.c
1030	__getdcwd	0x00017a88	1	0	2	0	D:\nt\private\crt32st\string\strrchr.c
1031	_GetCurrentDirectoryA	0x00017bf4	1	0	2	0	D:\nt\private\crt32st\string\strrchr.c
1032	_GetEnvironmentVariableA	0x00017bfa	1	0	2	0	D:\nt\private\crt32st\string\strrchr.c
1033	__stat	0x00017cd4	1	0	2	0	D:\nt\private\crt32st\string\strrchr.c
1034	__ValidDrive	0x00017f38	1	0	2	0	D:\nt\private\crt32st\string\strrchr.c
1035	_FileTimeToSystemTime	0x00017f50	1	0	2	0	D:\nt\private\crt32st\string\strrchr.c
1036	_FindClose	0x00017f56	1	0	2	0	D:\nt\private\crt32st\string\strrchr.c
1037	_FindFirstFileA	0x00017f5c	1	0	2	0	D:\nt\private\crt32st\string\strrchr.c
1038	_GetDriveTypeA	0x00017f62	1	0	2	0	D:\nt\private\crt32st\string\strrchr.c
1039	_GetLogicalDrives	0x00017f68	1	0	2	0	D:\nt\private\crt32st\string\strrchr.c
1040	__dtoxtime	0x00017f6e	1	0	2	0	D:\nt\private\crt32st\string\strrchr.c
1041	___tzset	0x0001803e	1	0	2	0	D:\nt\private\crt32st\string\strrchr.c
1042	__tzset	0x00018056	1	0	2	0	D:\nt\private\crt32st\string\strrchr.c
1043	__isindst	0x000180f6	1	0	2	0	D:\nt\private\crt32st\string\strrchr.c
1044	__fullpath	0x000181ce	1	0	2	0	D:\nt\private\crt32st\string\strrchr.c
1045	__getdrive	0x0001848e	1	0	2	0	D:\nt\private\crt32st\string\strrchr.c
1046	__chdrive	0x000184e6	1	0	2	0	D:\nt\private\crt32st\string\strrchr.c
1047	_SetCurrentDirectoryA	0x000185de	1	0	2	0	D:\nt\private\crt32st\string\strrchr.c
1048	_atol	0x000185e4	1	0	2	0	D:\nt\private\crt32st\string\strrchr.c
1049	_atoi	0x0001865c	1	0	2	0	D:\nt\private\crt32st\string\strrchr.c
1050	_calloc	0x00018674	1	0	2	0	D:\nt\private\crt32st\string\strrchr.c
1051	_strcat	0x000186c4	1	0	2	0	D:\nt\private\crt32st\string\strrchr.c
1052	_strcpy	0x000186ec	1	0	2	0	D:\nt\private\crt32st\string\strrchr.c
1053	_strchr	0x00018714	1	0	2	0	D:\nt\private\crt32st\string\strrchr.c
1054	_strcmp	0x00018744	1	0	2	0	D:\nt\private\crt32st\string\strrchr.c
1055	_strlen	0x00018794	1	0	2	0	D:\nt\private\crt32st\string\strrchr.c
1056	_strncmp	0x000187b4	1	0	2	0	D:\nt\private\crt32st\string\strrchr.c
1057	_strncpy	0x000187f4	1	0	2	0	D:\nt\private\crt32st\string\strrchr.c
1058	_strpbrk	0x00018834	1	0	2	0	D:\nt\private\crt32st\string\strrchr.c
1059	_strrchr	0x000188b4	1	0	2	0	D:\nt\private\crt32st\string\strrchr.c
1060	_Error_msgs	0x00020150	2	0	2	0	D:\nt\private\crt32st\string\strrchr.c
1061	_Warning_msgs	0x000201d0	2	0	2	0	D:\nt\private\crt32st\string\strrchr.c
1062	_Found	0x00020224	2	0	2	0	D:\nt\private\crt32st\string\strrchr.c
1063	_DefLength	0x00020228	2	0	2	0	D:\nt\private\crt32st\string\strrchr.c
1064	_Pathbuff	0x0002022c	2	0	2	0	D:\nt\private\crt32st\string\strrchr.c
1065	_I_link	0x0002027c	2	0	2	0	D:\nt\private\crt32st\string\strrchr.c
1066	_exepath	0x00020280	2	0	2	0	D:\nt\private\crt32st\string\strrchr.c
1067	_fLeadByte	0x00020284	2	0	2	0	D:\nt\private\crt32st\string\strrchr.c
1068	_Masm_buffer	0x00020304	2	0	2	0	D:\nt\private\crt32st\string\strrchr.c
1069	_CL_Flags	0x000203cc	2	0	2	0	D:\nt\private\crt32st\string\strrchr.c
1070	_cInclude	0x000205cc	2	0	2	0	D:\nt\private\crt32st\string\strrchr.c
1071	_Args	0x000205d0	2	0	2	0	D:\nt\private\crt32st\string\strrchr.c
1072	_Link_buffer	0x000207d0	2	0	2	0	D:\nt\private\crt32st\string\strrchr.c
1073	_Pos	0x000209d0	2	0	2	0	D:\nt\private\crt32st\string\strrchr.c
1074	_ptab	0x000209d4	2	0	2	0	D:\nt\private\crt32st\string\strrchr.c
1075	_newpass	0x000209d8	2	0	2	0	D:\nt\private\crt32st\string\strrchr.c
1076	__pendstdio	0x00020ad4	2	0	2	0	D:\nt\private\crt32st\string\strrchr.c
1077	__ptermcon	0x00020ad8	2	0	2	0	D:\nt\private\crt32st\string\strrchr.c
1078	__ponexitinit	0x00020adc	2	0	2	0	D:\nt\private\crt32st\string\strrchr.c
1079	__pFFinit	0x00020ae0	2	0	2	0	D:\nt\private\crt32st\string\strrchr.c
1080	__pgmptr	0x00020ae4	2	0	2	0	D:\nt\private\crt32st\string\strrchr.c
1081	__FPinit	0x00020ae8	2	0	2	0	D:\nt\private\crt32st\string\strrchr.c
1082	___onexitend	0x00020aec	2	0	2	0	D:\nt\private\crt32st\string\strrchr.c
1083	__prmtmp	0x00020af0	2	0	2	0	D:\nt\private\crt32st\string\strrchr.c
1084	__pinitcon	0x00020af4	2	0	2	0	D:\nt\private\crt32st\string\strrchr.c
1085	__pinittime	0x00020af8	2	0	2	0	D:\nt\private\crt32st\string\strrchr.c
1086	__atopsp	0x00020afc	2	0	2	0	D:\nt\private\crt32st\string\strrchr.c
1087	__aenvptr	0x00020b00	2	0	2	0	D:\nt\private\crt32st\string\strrchr.c
1088	__acmdln	0x00020b04	2	0	2	0	D:\nt\private\crt32st\string\strrchr.c
1089	__heap_regions	0x00020b08	2	0	2	0	D:\nt\private\crt32st\string\strrchr.c
1090	_Cpu	0x0003009c	3	0	2	0	D:\nt\private\crt32st\string\strrchr.c
1091	_Threshold	0x000300a0	3	0	2	0	D:\nt\private\crt32st\string\strrchr.c
1092	_ConfComment	0x000300a4	3	0	2	0	D:\nt\private\crt32st\string\strrchr.c
1093	_FPoption	0x000300b8	3	0	2	0	D:\nt\private\crt32st\string\strrchr.c
1094	_FPa	0x000300bc	3	0	2	0	D:\nt\private\crt32st\string\strrchr.c
1095	_FPc	0x000300bd	3	0	2	0	D:\nt\private\crt32st\string\strrchr.c
1096	_FPi87	0x000300be	3	0	2	0	D:\nt\private\crt32st\string\strrchr.c
1097	_FPc87	0x000300bf	3	0	2	0	D:\nt\private\crt32st\string\strrchr.c
1098	_Nerrs	0x000300c0	3	0	2	0	D:\nt\private\crt32st\string\strrchr.c
1099	_filetype	0x000300c4	3	0	2	0	D:\nt\private\crt32st\string\strrchr.c
1100	_Temps_made	0x000300c8	3	0	2	0	D:\nt\private\crt32st\string\strrchr.c
1101	_Cflag	0x000300c9	3	0	2	0	D:\nt\private\crt32st\string\strrchr.c
1102	_GW	0x000300ca	3	0	2	0	D:\nt\private\crt32st\string\strrchr.c
1103	_Gq	0x000300cb	3	0	2	0	D:\nt\private\crt32st\string\strrchr.c
1104	_XenixCompatible	0x000300cc	3	0	2	0	D:\nt\private\crt32st\string\strrchr.c
1105	_TinyModel	0x000300cd	3	0	2	0	D:\nt\private\crt32st\string\strrchr.c
1106	_FastCall	0x000300ce	3	0	2	0	D:\nt\private\crt32st\string\strrchr.c
1107	_NotFoundExit	0x000300cf	3	0	2	0	D:\nt\private\crt32st\string\strrchr.c
1108	_C_call	0x000300d0	3	0	2	0	D:\nt\private\crt32st\string\strrchr.c
1109	_NoCallerClean	0x000300d1	3	0	2	0	D:\nt\private\crt32st\string\strrchr.c
1110	_StdCall	0x000300d2	3	0	2	0	D:\nt\private\crt32st\string\strrchr.c
1111	_AcceptFarKey	0x000300d3	3	0	2	0	D:\nt\private\crt32st\string\strrchr.c
1112	_Language	0x000300d4	3	0	2	0	D:\nt\private\crt32st\string\strrchr.c
1113	_Cplus	0x000300d5	3	0	2	0	D:\nt\private\crt32st\string\strrchr.c
1114	_QuickC	0x000300d6	3	0	2	0	D:\nt\private\crt32st\string\strrchr.c
1115	_QuickC2	0x000300d7	3	0	2	0	D:\nt\private\crt32st\string\strrchr.c
1116	_Model	0x000300d8	3	0	2	0	D:\nt\private\crt32st\string\strrchr.c
1117	_MD	0x000300dc	3	0	2	0	D:\nt\private\crt32st\string\strrchr.c
1118	_ML	0x000300dd	3	0	2	0	D:\nt\private\crt32st\string\strrchr.c
1119	_MT	0x000300de	3	0	2	0	D:\nt\private\crt32st\string\strrchr.c
1120	_MTswitch	0x000300df	3	0	2	0	D:\nt\private\crt32st\string\strrchr.c
1121	_Argc	0x000300e0	3	0	2	0	D:\nt\private\crt32st\string\strrchr.c
1122	_Argv	0x000300e4	3	0	2	0	D:\nt\private\crt32st\string\strrchr.c
1123	_Max_Warn	0x000300e8	3	0	2	0	D:\nt\private\crt32st\string\strrchr.c
1124	_fGetLink	0x000300ec	3	0	2	0	D:\nt\private\crt32st\string\strrchr.c
1125	_ErrFileHandle	0x000300f0	3	0	2	0	D:\nt\private\crt32st\string\strrchr.c
1126	_Link_pos	0x000300f4	3	0	2	0	D:\nt\private\crt32st\string\strrchr.c
1127	_Def_defines	0x000300f8	3	0	2	0	D:\nt\private\crt32st\string\strrchr.c
1128	_Comp_Errfile	0x00030134	3	0	2	0	D:\nt\private\crt32st\string\strrchr.c
1129	_Comp_Errpath	0x00030138	3	0	2	0	D:\nt\private\crt32st\string\strrchr.c
1130	_ErrFilName	0x0003013c	3	0	2	0	D:\nt\private\crt32st\string\strrchr.c
1131	_C1_Err_File	0x00030140	3	0	2	0	D:\nt\private\crt32st\string\strrchr.c
1132	_C23_Err_File	0x00030144	3	0	2	0	D:\nt\private\crt32st\string\strrchr.c
1133	_ILname	0x00030148	3	0	2	0	D:\nt\private\crt32st\string\strrchr.c
1134	_temp_suffix	0x0003014c	3	0	2	0	D:\nt\private\crt32st\string\strrchr.c
1135	_temp_file	0x0003018c	3	0	2	0	D:\nt\private\crt32st\string\strrchr.c
1136	_buff	0x000301cc	3	0	2	0	D:\nt\private\crt32st\string\strrchr.c
1137	_sMDLT	0x000301d0	3	0	2	0	D:\nt\private\crt32st\string\strrchr.c
1138	_A_string	0x000301d4	3	0	2	0	D:\nt\private\crt32st\string\strrchr.c
1139	_Defn_list	0x000301d8	3	0	2	0	D:\nt\private\crt32st\string\strrchr.c
1140	_Undefn_list	0x00030250	3	0	2	0	D:\nt\private\crt32st\string\strrchr.c
1141	_Incl_list	0x000302c8	3	0	2	0	D:\nt\private\crt32st\string\strrchr.c
1142	_Lib_list	0x00030340	3	0	2	0	D:\nt\private\crt32st\string\strrchr.c
1143	_LibList	0x000303b8	3	0	2	0	D:\nt\private\crt32st\string\strrchr.c
1144	_Executable	0x00030430	3	0	2	0	D:\nt\private\crt32st\string\strrchr.c
1145	_File	0x00030434	3	0	2	0	D:\nt\private\crt32st\string\strrchr.c
1146	_Fix_stack	0x00030438	3	0	2	0	D:\nt\private\crt32st\string\strrchr.c
1147	_Library	0x0003043c	3	0	2	0	D:\nt\private\crt32st\string\strrchr.c
1148	_SearchLibrary	0x00030440	3	0	2	0	D:\nt\private\crt32st\string\strrchr.c
1149	_Name_data	0x00030444	3	0	2	0	D:\nt\private\crt32st\string\strrchr.c
1150	_MPC_data	0x00030448	3	0	2	0	D:\nt\private\crt32st\string\strrchr.c
1151	_Name_module	0x0003044c	3	0	2	0	D:\nt\private\crt32st\string\strrchr.c
1152	_Name_text	0x00030450	3	0	2	0	D:\nt\private\crt32st\string\strrchr.c
1153	_Pass1	0x00030454	3	0	2	0	D:\nt\private\crt32st\string\strrchr.c
1154	_Pass2	0x00030458	3	0	2	0	D:\nt\private\crt32st\string\strrchr.c
1155	_Pass3	0x0003045c	3	0	2	0	D:\nt\private\crt32st\string\strrchr.c
1156	_Pass1a	0x00030460	3	0	2	0	D:\nt\private\crt32st\string\strrchr.c
1157	_Pass2a	0x00030464	3	0	2	0	D:\nt\private\crt32st\string\strrchr.c
1158	_Pass3a	0x00030468	3	0	2	0	D:\nt\private\crt32st\string\strrchr.c
1159	_PassPcode	0x0003046c	3	0	2	0	D:\nt\private\crt32st\string\strrchr.c
1160	_Pass_asm	0x00030470	3	0	2	0	D:\nt\private\crt32st\string\strrchr.c
1161	_Pass_ld	0x00030474	3	0	2	0	D:\nt\private\crt32st\string\strrchr.c
1162	_Sub_Title	0x00030478	3	0	2	0	D:\nt\private\crt32st\string\strrchr.c
1163	_Title	0x0003047c	3	0	2	0	D:\nt\private\crt32st\string\strrchr.c
1164	_Vers	0x00030480	3	0	2	0	D:\nt\private\crt32st\string\strrchr.c
1165	_Base_name	0x00030484	3	0	2	0	D:\nt\private\crt32st\string\strrchr.c
1166	_Base_exe	0x00030488	3	0	2	0	D:\nt\private\crt32st\string\strrchr.c
1167	_Vers_num	0x0003048c	3	0	2	0	D:\nt\private\crt32st\string\strrchr.c
1168	_Warn_level	0x00030490	3	0	2	0	D:\nt\private\crt32st\string\strrchr.c
1169	_Warn_err	0x00030494	3	0	2	0	D:\nt\private\crt32st\string\strrchr.c
1170	_Line_Size	0x00030498	3	0	2	0	D:\nt\private\crt32st\string\strrchr.c
1171	_Page_Size	0x0003049c	3	0	2	0	D:\nt\private\crt32st\string\strrchr.c
1172	_CodeMotion	0x000304a0	3	0	2	0	D:\nt\private\crt32st\string\strrchr.c
1173	_Dont_system	0x000304a1	3	0	2	0	D:\nt\private\crt32st\string\strrchr.c
1174	_Help	0x000304a2	3	0	2	0	D:\nt\private\crt32st\string\strrchr.c
1175	_QCFx	0x000304a3	3	0	2	0	D:\nt\private\crt32st\string\strrchr.c
1176	_Jflag	0x000304a4	3	0	2	0	D:\nt\private\crt32st\string\strrchr.c
1177	_Keep_temps	0x000304a5	3	0	2	0	D:\nt\private\crt32st\string\strrchr.c
1178	_Listpass	0x000304a6	3	0	2	0	D:\nt\private\crt32st\string\strrchr.c
1179	_ListpassGPF	0x000304a7	3	0	2	0	D:\nt\private\crt32st\string\strrchr.c
1180	_DebugTest	0x000304a8	3	0	2	0	D:\nt\private\crt32st\string\strrchr.c
1181	_Load_ds	0x000304a9	3	0	2	0	D:\nt\private\crt32st\string\strrchr.c
1182	_Minus_link	0x000304aa	3	0	2	0	D:\nt\private\crt32st\string\strrchr.c
1183	_Minus_n	0x000304ab	3	0	2	0	D:\nt\private\crt32st\string\strrchr.c
1184	_Model_is	0x000304ac	3	0	2	0	D:\nt\private\crt32st\string\strrchr.c
1185	_Model_index	0x000304ad	3	0	2	0	D:\nt\private\crt32st\string\strrchr.c
1186	_PLMfar	0x000304ae	3	0	2	0	D:\nt\private\crt32st\string\strrchr.c
1187	_PLMnear	0x000304af	3	0	2	0	D:\nt\private\crt32st\string\strrchr.c
1188	_Name_length	0x000304b0	3	0	2	0	D:\nt\private\crt32st\string\strrchr.c
1189	_No_defines	0x000304b4	3	0	2	0	D:\nt\private\crt32st\string\strrchr.c
1190	_No_link	0x000304b5	3	0	2	0	D:\nt\private\crt32st\string\strrchr.c
1191	_No_sysincl	0x000304b6	3	0	2	0	D:\nt\private\crt32st\string\strrchr.c
1192	_NoNativeCallEntry	0x000304b7	3	0	2	0	D:\nt\private\crt32st\string\strrchr.c
1193	_CommonNear	0x000304b8	3	0	2	0	D:\nt\private\crt32st\string\strrchr.c
1194	_Nologo	0x000304b9	3	0	2	0	D:\nt\private\crt32st\string\strrchr.c
1195	_Profile	0x000304ba	3	0	2	0	D:\nt\private\crt32st\string\strrchr.c
1196	_GProf	0x000304bb	3	0	2	0	D:\nt\private\crt32st\string\strrchr.c
1197	_SyntaxCheck	0x000304bc	3	0	2	0	D:\nt\private\crt32st\string\strrchr.c
1198	_FuncDecl	0x000304bd	3	0	2	0	D:\nt\private\crt32st\string\strrchr.c
1199	_PLM	0x000304be	3	0	2	0	D:\nt\private\crt32st\string\strrchr.c
1200	_Extension	0x000304bf	3	0	2	0	D:\nt\private\crt32st\string\strrchr.c
1201	_ExtendMips	0x000304c0	3	0	2	0	D:\nt\private\crt32st\string\strrchr.c
1202	_CodeView	0x000304c1	3	0	2	0	D:\nt\private\crt32st\string\strrchr.c
1203	_EmitLinenum	0x000304c2	3	0	2	0	D:\nt\private\crt32st\string\strrchr.c
1204	_NoProbe	0x000304c3	3	0	2	0	D:\nt\private\crt32st\string\strrchr.c
1205	_CaseInsensitive	0x000304c4	3	0	2	0	D:\nt\private\crt32st\string\strrchr.c
1206	_Window	0x000304c5	3	0	2	0	D:\nt\private\crt32st\string\strrchr.c
1207	_SoftFloat	0x000304c6	3	0	2	0	D:\nt\private\crt32st\string\strrchr.c
1208	_Bigendian	0x000304c7	3	0	2	0	D:\nt\private\crt32st\string\strrchr.c
1209	_AllowConst	0x000304c8	3	0	2	0	D:\nt\private\crt32st\string\strrchr.c
1210	_NoCrtCom	0x000304c9	3	0	2	0	D:\nt\private\crt32st\string\strrchr.c
1211	_Export	0x000304ca	3	0	2	0	D:\nt\private\crt32st\string\strrchr.c
1212	_NoComment	0x000304cb	3	0	2	0	D:\nt\private\crt32st\string\strrchr.c
1213	_PointerCheck	0x000304cc	3	0	2	0	D:\nt\private\crt32st\string\strrchr.c
1214	_Masm	0x000304cd	3	0	2	0	D:\nt\private\crt32st\string\strrchr.c
1215	_AllComdat	0x000304ce	3	0	2	0	D:\nt\private\crt32st\string\strrchr.c
1216	_switch_buf	0x000304d0	3	0	2	0	D:\nt\private\crt32st\string\strrchr.c
1217	_Pack_size	0x00030520	3	0	2	0	D:\nt\private\crt32st\string\strrchr.c
1218	_Protect_Mode	0x00030524	3	0	2	0	D:\nt\private\crt32st\string\strrchr.c
1219	_Real_Mode	0x00030525	3	0	2	0	D:\nt\private\crt32st\string\strrchr.c
1220	_Quick_Win_Mode	0x00030526	3	0	2	0	D:\nt\private\crt32st\string\strrchr.c
1221	_Win_Mode	0x00030527	3	0	2	0	D:\nt\private\crt32st\string\strrchr.c
1222	_Dll_Mode	0x00030528	3	0	2	0	D:\nt\private\crt32st\string\strrchr.c
1223	_PShuge	0x00030529	3	0	2	0	D:\nt\private\crt32st\string\strrchr.c
1224	_Save_stdout	0x0003052a	3	0	2	0	D:\nt\private\crt32st\string\strrchr.c
1225	_Sep_i_and_d	0x0003052b	3	0	2	0	D:\nt\private\crt32st\string\strrchr.c
1226	_Status	0x0003052c	3	0	2	0	D:\nt\private\crt32st\string\strrchr.c
1227	_MaxStatus	0x00030530	3	0	2	0	D:\nt\private\crt32st\string\strrchr.c
1228	_Strip	0x00030534	3	0	2	0	D:\nt\private\crt32st\string\strrchr.c
1229	_EPflag	0x00030535	3	0	2	0	D:\nt\private\crt32st\string\strrchr.c
1230	_Eflag	0x00030536	3	0	2	0	D:\nt\private\crt32st\string\strrchr.c
1231	_Pflag	0x00030537	3	0	2	0	D:\nt\private\crt32st\string\strrchr.c
1232	_DoTiming	0x00030538	3	0	2	0	D:\nt\private\crt32st\string\strrchr.c
1233	_HeapUsed	0x00030539	3	0	2	0	D:\nt\private\crt32st\string\strrchr.c
1234	_Use_large_exe	0x0003053a	3	0	2	0	D:\nt\private\crt32st\string\strrchr.c
1235	_GetOSwitch	0x0003053b	3	0	2	0	D:\nt\private\crt32st\string\strrchr.c
1236	_Optimize	0x0003053c	3	0	2	0	D:\nt\private\crt32st\string\strrchr.c
1237	_NoAlias	0x0003053d	3	0	2	0	D:\nt\private\crt32st\string\strrchr.c
1238	_OptLoop	0x0003053e	3	0	2	0	D:\nt\private\crt32st\string\strrchr.c
1239	_OptInline	0x0003053f	3	0	2	0	D:\nt\private\crt32st\string\strrchr.c
1240	_OptTime	0x00030540	3	0	2	0	D:\nt\private\crt32st\string\strrchr.c
1241	_OptSpace	0x00030541	3	0	2	0	D:\nt\private\crt32st\string\strrchr.c
1242	_OptCSE	0x00030542	3	0	2	0	D:\nt\private\crt32st\string\strrchr.c
1243	_OptGblCse	0x00030543	3	0	2	0	D:\nt\private\crt32st\string\strrchr.c
1244	_OptGblReg	0x00030544	3	0	2	0	D:\nt\private\crt32st\string\strrchr.c
1245	_OptWinAlias	0x00030545	3	0	2	0	D:\nt\private\crt32st\string\strrchr.c
1246	_OptPcodeGen	0x00030546	3	0	2	0	D:\nt\private\crt32st\string\strrchr.c
1247	_OptFlow	0x00030547	3	0	2	0	D:\nt\private\crt32st\string\strrchr.c
1248	_OptSortFrame	0x00030548	3	0	2	0	D:\nt\private\crt32st\string\strrchr.c
1249	_OptOneReturn	0x00030549	3	0	2	0	D:\nt\private\crt32st\string\strrchr.c
1250	_OptPrecision	0x0003054a	3	0	2	0	D:\nt\private\crt32st\string\strrchr.c
1251	_DoUnsafeOpt	0x0003054b	3	0	2	0	D:\nt\private\crt32st\string\strrchr.c
1252	_OptPgo	0x0003054c	3	0	2	0	D:\nt\private\crt32st\string\strrchr.c
1253	_OptTable	0x00030550	3	0	2	0	D:\nt\private\crt32st\string\strrchr.c
1254	_CDefault	0x00030570	3	0	2	0	D:\nt\private\crt32st\string\strrchr.c
1255	_PCodeDefault	0x00030574	3	0	2	0	D:\nt\private\crt32st\string\strrchr.c
1256	_Disassemble	0x00030578	3	0	2	0	D:\nt\private\crt32st\string\strrchr.c
1257	_Do_asm	0x00030579	3	0	2	0	D:\nt\private\crt32st\string\strrchr.c
1258	_Fa	0x0003057a	3	0	2	0	D:\nt\private\crt32st\string\strrchr.c
1259	_Faarg	0x0003057c	3	0	2	0	D:\nt\private\crt32st\string\strrchr.c
1260	_Fb	0x00030580	3	0	2	0	D:\nt\private\crt32st\string\strrchr.c
1261	_Fbarg	0x00030584	3	0	2	0	D:\nt\private\crt32st\string\strrchr.c
1262	_Fc	0x00030588	3	0	2	0	D:\nt\private\crt32st\string\strrchr.c
1263	_Fcarg	0x0003058c	3	0	2	0	D:\nt\private\crt32st\string\strrchr.c
1264	_Fr	0x00030590	3	0	2	0	D:\nt\private\crt32st\string\strrchr.c
1265	_Frarg	0x00030594	3	0	2	0	D:\nt\private\crt32st\string\strrchr.c
1266	_FR	0x00030598	3	0	2	0	D:\nt\private\crt32st\string\strrchr.c
1267	_FRarg	0x0003059c	3	0	2	0	D:\nt\private\crt32st\string\strrchr.c
1268	_Fl	0x000305a0	3	0	2	0	D:\nt\private\crt32st\string\strrchr.c
1269	_Flarg	0x000305a4	3	0	2	0	D:\nt\private\crt32st\string\strrchr.c
1270	_Fs	0x000305a8	3	0	2	0	D:\nt\private\crt32st\string\strrchr.c
1271	_Fsarg	0x000305ac	3	0	2	0	D:\nt\private\crt32st\string\strrchr.c
1272	_Fx	0x000305b0	3	0	2	0	D:\nt\private\crt32st\string\strrchr.c
1273	_Fxarg	0x000305b4	3	0	2	0	D:\nt\private\crt32st\string\strrchr.c
1274	_Fm	0x000305b8	3	0	2	0	D:\nt\private\crt32st\string\strrchr.c
1275	_Foarg	0x000305bc	3	0	2	0	D:\nt\private\crt32st\string\strrchr.c
1276	_Fdarg	0x000305c0	3	0	2	0	D:\nt\private\crt32st\string\strrchr.c
1277	_CVStr	0x000305c4	3	0	2	0	D:\nt\private\crt32st\string\strrchr.c
1278	_Gidir	0x000305c8	3	0	2	0	D:\nt\private\crt32st\string\strrchr.c
1279	_IncrCompArg	0x000305cc	3	0	2	0	D:\nt\private\crt32st\string\strrchr.c
1280	_Fadir	0x000305d0	3	0	2	0	D:\nt\private\crt32st\string\strrchr.c
1281	_Fcdir	0x000305d4	3	0	2	0	D:\nt\private\crt32st\string\strrchr.c
1282	_Frdir	0x000305d8	3	0	2	0	D:\nt\private\crt32st\string\strrchr.c
1283	_FRdir	0x000305dc	3	0	2	0	D:\nt\private\crt32st\string\strrchr.c
1284	_Fldir	0x000305e0	3	0	2	0	D:\nt\private\crt32st\string\strrchr.c
1285	_Fsdir	0x000305e4	3	0	2	0	D:\nt\private\crt32st\string\strrchr.c
1286	_Fodir	0x000305e8	3	0	2	0	D:\nt\private\crt32st\string\strrchr.c
1287	_Fxdir	0x000305ec	3	0	2	0	D:\nt\private\crt32st\string\strrchr.c
1288	_PreProcessName	0x000305f0	3	0	2	0	D:\nt\private\crt32st\string\strrchr.c
1289	_Mapfile	0x000305f4	3	0	2	0	D:\nt\private\crt32st\string\strrchr.c
1290	_DoNTimeC1	0x000305f8	3	0	2	0	D:\nt\private\crt32st\string\strrchr.c
1291	_LinkMark	0x000305fc	3	0	2	0	D:\nt\private\crt32st\string\strrchr.c
1292	_Obj_name	0x00030600	3	0	2	0	D:\nt\private\crt32st\string\strrchr.c
1293	_DoIlink	0x00030604	3	0	2	0	D:\nt\private\crt32st\string\strrchr.c
1294	_PadCode	0x00030608	3	0	2	0	D:\nt\private\crt32st\string\strrchr.c
1295	_PadData	0x0003060c	3	0	2	0	D:\nt\private\crt32st\string\strrchr.c
1296	_PadFunction	0x00030610	3	0	2	0	D:\nt\private\crt32st\string\strrchr.c
1297	_MemAllowed	0x00030614	3	0	2	0	D:\nt\private\crt32st\string\strrchr.c
1298	_InlineCnt	0x00030618	3	0	2	0	D:\nt\private\crt32st\string\strrchr.c
1299	_CleadIncrComArg	0x0003061c	3	0	2	0	D:\nt\private\crt32st\string\strrchr.c
1300	_d1arg	0x00030620	3	0	2	0	D:\nt\private\crt32st\string\strrchr.c
1301	_d2arg	0x00030624	3	0	2	0	D:\nt\private\crt32st\string\strrchr.c
1302	_d3arg	0x00030628	3	0	2	0	D:\nt\private\crt32st\string\strrchr.c
1303	_NoComdat	0x0003062c	3	0	2	0	D:\nt\private\crt32st\string\strrchr.c
1304	_Src_given	0x00030630	3	0	2	0	D:\nt\private\crt32st\string\strrchr.c
1305	_path_chars	0x00030634	3	0	2	0	D:\nt\private\crt32st\string\strrchr.c
1306	_newfile	0x00030638	3	0	2	0	D:\nt\private\crt32st\string\strrchr.c
1307	_EmitFunction	0x0003063c	3	0	2	0	D:\nt\private\crt32st\string\strrchr.c
1308	_Pool	0x00030640	3	0	2	0	D:\nt\private\crt32st\string\strrchr.c
1309	_cMemCall	0x0003064c	3	0	2	0	D:\nt\private\crt32st\string\strrchr.c
1310	_Deffiles	0x00030650	3	0	2	0	D:\nt\private\crt32st\string\strrchr.c
1311	_Target_defined	0x000307d0	3	0	2	0	D:\nt\private\crt32st\string\strrchr.c
1312	__fmode	0x00030930	3	0	2	0	D:\nt\private\crt32st\string\strrchr.c
1313	_Msdos	0x00030970	3	0	2	0	D:\nt\private\crt32st\string\strrchr.c
1314	_LibSuffix	0x00030971	3	0	2	0	D:\nt\private\crt32st\string\strrchr.c
1315	_OldStyleName	0x00030972	3	0	2	0	D:\nt\private\crt32st\string\strrchr.c
1316	_Mach_define	0x00030974	3	0	2	0	D:\nt\private\crt32st\string\strrchr.c
1317	_Libfp	0x00030978	3	0	2	0	D:\nt\private\crt32st\string\strrchr.c
1318	_Libc	0x0003097c	3	0	2	0	D:\nt\private\crt32st\string\strrchr.c
1319	_MasmPos	0x00030980	3	0	2	0	D:\nt\private\crt32st\string\strrchr.c
1320	_LibPath	0x00030984	3	0	2	0	D:\nt\private\crt32st\string\strrchr.c
1321	_sizebuf	0x00030988	3	0	2	0	D:\nt\private\crt32st\string\strrchr.c
1322	_Blanks	0x00030be4	3	0	2	0	D:\nt\private\crt32st\string\strrchr.c
1323	_Otab	0x00030f54	3	0	2	0	D:\nt\private\crt32st\string\strrchr.c
1324	_Atab	0x00031094	3	0	2	0	D:\nt\private\crt32st\string\strrchr.c
1325	_Mtab	0x00031184	3	0	2	0	D:\nt\private\crt32st\string\strrchr.c
1326	_Gtab	0x00031254	3	0	2	0	D:\nt\private\crt32st\string\strrchr.c
1327	_Ztab	0x00031334	3	0	2	0	D:\nt\private\crt32st\string\strrchr.c
1328	_FlagsTab	0x00031404	3	0	2	0	D:\nt\private\crt32st\string\strrchr.c
1329	_errno	0x00031bc0	3	0	2	0	D:\nt\private\crt32st\string\strrchr.c
1330	__doserrno	0x00031bc4	3	0	2	0	D:\nt\private\crt32st\string\strrchr.c
1331	__umaskval	0x00031bc8	3	0	2	0	D:\nt\private\crt32st\string\strrchr.c
1332	__osversion	0x00031bcc	3	0	2	0	D:\nt\private\crt32st\string\strrchr.c
1333	__osmajor	0x00031bd0	3	0	2	0	D:\nt\private\crt32st\string\strrchr.c
1334	__osminor	0x00031bd4	3	0	2	0	D:\nt\private\crt32st\string\strrchr.c
1335	__baseversion	0x00031bd8	3	0	2	0	D:\nt\private\crt32st\string\strrchr.c
1336	__basemajor	0x00031bdc	3	0	2	0	D:\nt\private\crt32st\string\strrchr.c
1337	__baseminor	0x00031be0	3	0	2	0	D:\nt\private\crt32st\string\strrchr.c
1338	__osmode	0x00031be4	3	0	2	0	D:\nt\private\crt32st\string\strrchr.c
1339	__cpumode	0x00031be5	3	0	2	0	D:\nt\private\crt32st\string\strrchr.c
1340	__nfile	0x00031be8	3	0	2	0	D:\nt\private\crt32st\string\strrchr.c
1341	__osfile	0x00031bec	3	0	2	0	D:\nt\private\crt32st\string\strrchr.c
1342	__osfhnd	0x00031c2c	3	0	2	0	D:\nt\private\crt32st\string\strrchr.c
1343	__pipech	0x00031d2c	3	0	2	0	D:\nt\private\crt32st\string\strrchr.c
1344	___argc	0x00031d6c	3	0	2	0	D:\nt\private\crt32st\string\strrchr.c
1345	___argv	0x00031d70	3	0	2	0	D:\nt\private\crt32st\string\strrchr.c
1346	__environ	0x00031d74	3	0	2	0	D:\nt\private\crt32st\string\strrchr.c
1347	__child	0x00031d78	3	0	2	0	D:\nt\private\crt32st\string\strrchr.c
1348	__exitflag	0x00031d7c	3	0	2	0	D:\nt\private\crt32st\string\strrchr.c
1349	__ctype	0x00031dd0	3	0	2	0	D:\nt\private\crt32st\string\strrchr.c
1350	_Nerrors	0x00031ef8	3	0	2	0	D:\nt\private\crt32st\string\strrchr.c
1351	_digits	0x00031f00	3	0	2	0	D:\nt\private\crt32st\string\strrchr.c
1352	__aexit_rtn	0x00031f50	3	0	2	0	D:\nt\private\crt32st\string\strrchr.c
1353	__adbgmsg	0x00032228	3	0	2	0	D:\nt\private\crt32st\string\strrchr.c
1354	__heap_desc	0x00032230	3	0	2	0	D:\nt\private\crt32st\string\strrchr.c
1355	__heap_resetsize	0x00032244	3	0	2	0	D:\nt\private\crt32st\string\strrchr.c
1356	__amblksiz	0x00032248	3	0	2	0	D:\nt\private\crt32st\string\strrchr.c
1357	__heap_regionsize	0x0003224c	3	0	2	0	D:\nt\private\crt32st\string\strrchr.c
1358	_Errbuff	0x00032268	3	0	2	0	D:\nt\private\crt32st\string\strrchr.c
1359	__p_overlay	0x000323c0	3	0	2	0	D:\nt\private\crt32st\string\strrchr.c
1360	__timezone	0x00032418	3	0	2	0	D:\nt\private\crt32st\string\strrchr.c
1361	__daylight	0x0003241c	3	0	2	0	D:\nt\private\crt32st\string\strrchr.c
1362	__tzname	0x00032420	3	0	2	0	D:\nt\private\crt32st\string\strrchr.c
1363	___dnames	0x00032428	3	0	2	0	D:\nt\private\crt32st\string\strrchr.c
1364	___mnames	0x00032440	3	0	2	0	D:\nt\private\crt32st\string\strrchr.c
1365	__lpdays	0x00032470	3	0	2	0	D:\nt\private\crt32st\string\strrchr.c
1366	__days	0x000324a4	3	0	2	0	D:\nt\private\crt32st\string\strrchr.c
1367	base_IMPORT_DESCRIPTOR	0x00040000	4	0	2	0	D:\nt\private\crt32st\string\strrchr.c
1368	ntdll_IMPORT_DESCRIPTOR	0x00040014	4	0	2	0	D:\nt\private\crt32st\string\strrchr.c
1369	NULL_IMPORT_DESCRIPTOR	0x00040028	4	0	2	0	D:\nt\private\crt32st\string\strrchr.c
1370	base_NULL_THUNK_DATA	0x000400cc	4	0	2	0	D:\nt\private\crt32st\string\strrchr.c
1371	ntdll_NULL_THUNK_DATA	0x000400d8	4	0	2	0	D:\nt\private\crt32st\string\strrchr.c
1372	end	0x00060000	-2	0	2	0	D:\nt\private\crt32st\string\strrchr.c
