name	os2_offset	os2_length	os2_object	nt_rva	nt_symbol	status
main	0x0010	0x022d	cc_main5.obj	0x10000	_main	same-name match
Do_Link	0x023d	0x0009	cc_main5.obj	0x1028c	_Do_Link	same-name match
process_cmdline	0x0246	0x012a	cc_main5.obj	0x10299	_process_cmdline	same-name match
tailmatch	0x0370	0x005a	cc_main5.obj	0x103e8	_tailmatch	same-name match
get_switch_list	0x03ca	0x008b	cc_main5.obj	0x10446	_get_switch_list	same-name match
get_string	0x0455	0x0044	cc_main5.obj	0x104d7	_get_string	same-name match
get_list	0x0499	0x0060	cc_main5.obj	0x10524	_get_list	same-name match
get_number	0x04f9	0x0041	cc_main5.obj	0x1058b	_get_number	same-name match
get_threshold	0x053a	0x0029	cc_main5.obj	0x105c9	_get_threshold	same-name match
set_flag	0x0563	0x000e	cc_main5.obj	0x105f4	_set_flag	same-name match
reset_flag	0x0571	0x000e	cc_main5.obj	0x10602	_reset_flag	same-name match
set_Oflag	0x057f	0x004d	cc_main5.obj	0x10610	_set_Oflag	same-name match
reset_Oflag	0x05cc	0x004a	cc_main5.obj	0x10663	_reset_Oflag	same-name match
SetupErrors	0x0616	0x0028	cc_main5.obj	0x106b5	_SetupErrors	same-name match
Emit1	0x063e	0x0016	cc_main5.obj	0x106f0	_Emit1	same-name match
Emit2	0x0654	0x0015	cc_main5.obj	0x1070a	_Emit2	same-name match
EmitTogether	0x0669	0x0033	cc_main5.obj	0x10721	_EmitTogether	same-name match
basename	0x069c	0x0051	cc_main5.obj	0x10762	_basename	same-name match
fullname	0x06ed	0x00ba	cc_main5.obj	0x107b5	_fullname	same-name match
fix_suffix	0x07a7	0x0057	cc_main5.obj	0x1088a	_fix_suffix	same-name match
make_temp_files	0x07fe	0x0039	cc_main5.obj	0x108e9	_make_temp_files	same-name match
delfiles	0x0837	0x005f	cc_main5.obj	0x10935	_delfiles	same-name match
listargs	0x0896	0x004c	cc_main5.obj	0x109a0	_listargs	same-name match
is_path	0x08e2	0x004f	cc_main5.obj	0x109ef	_is_path	same-name match
give_path	0x0931	0x0072	cc_main5.obj	0x10a46	_give_path	same-name match
catargs	0x09a3	0x0039	cc_main5.obj	0x10ac3	_catargs	same-name match
compile_cxx	0x09dc	0x0013	cc_main5.obj	0x10b04	_compile_cxx	same-name match
compile_c	0x09ef	0x0013	cc_main5.obj	0x10b19	_compile_c	same-name match
compile	0x0a02	0x016e	cc_main5.obj	0x10b2e	_compile	same-name match
C1	0x0b70	0x02a8	cc_main5.obj	0x10d29	_C1	same-name match
P2	0x0e18	0x018e	cc_main5.obj	0x110a6	_P2	same-name match
P3	0x0fa6	0x0142	cc_main5.obj	0x112c5	_P3	same-name match
emit_various_files	0x10e8	0x0196	cc_main5.obj	0x11478	_emit_various_files	same-name match
EmitListing	0x127e	0x00cb	cc_main5.obj	0x1167d	_EmitListing	same-name match
truncate	0x1349	0x002e	cc_main5.obj	0x11782	_truncate	same-name match
setup	0x1377	0x004b	cc_main5.obj	0x117ac	_setup	same-name match
emit_to_link	0x13c2	0x005a	cc_main5.obj	0x11800	_emit_to_link	same-name match
to_link	0x141c	0x003d	cc_main5.obj	0x1186e	_to_link	same-name match
emit_switches	0x1459	0x016d	cc_main5.obj	0x118ba	_emit_switches	same-name match
do_undefine	0x15c6	0x0051	cc_main5.obj	0x11a71	_do_undefine	same-name match
emit_def_defines	0x1617	0x0029	cc_main5.obj	0x11ac2	_emit_def_defines	same-name match
emit_defines	0x1640	0x0082	cc_main5.obj	0x11af0	_emit_defines	same-name match
emit_includes	0x16c2	0x006e	cc_main5.obj	0x11b8b	_emit_includes	same-name match
do_check	0x1730	0x02f5	cc_main5.obj	0x11c15	_do_check	same-name match
get_deffile	0x1a25	0x0029	cc_main5.obj	0x11fda	_get_deffile	same-name match
get_libfile	0x1a4e	0x002d	cc_main5.obj	0x1200c	_get_libfile	same-name match
unoptimize	0x1a7b	0x004d	cc_main5.obj	0x12042	_unoptimize	same-name match
optimize_all	0x1ac8	0x003a	cc_main5.obj	0x120b9	_optimize_all	same-name match
set_opttime	0x1b02	0x0024	cc_main5.obj	0x12114	_set_opttime	same-name match
set_optspace	0x1b26	0x0024	cc_main5.obj	0x12146	_set_optspace	same-name match
set_pcode_gen	0x1b4a	0x0009	cc_main5.obj	0x12178	_set_pcode_gen	same-name match
set_fastcall	0x1b53	0x0017	cc_main5.obj	0x12185	_set_fastcall	same-name match
set_C_call	0x1b6a	0x0017	cc_main5.obj	0x121a8	_set_C_call	same-name match
set_PLM_call	0x1b81	0x0011	cc_main5.obj	0x121cb	_set_PLM_call	same-name match
set_std_call	0x1b92	0x0017	cc_main5.obj	0x121e4	_set_std_call	same-name match
set_window_call	0x1ba9	0x000e	cc_main5.obj	0x12207	_set_window_call	same-name match
set_GW	0x1bb7	0x000e	cc_main5.obj	0x1221b	_set_GW	same-name match
set_Gq	0x1bc5	0x000e	cc_main5.obj	0x1222f	_set_Gq	same-name match
set_EPflag	0x1bd3	0x0009	cc_main5.obj	0x12243	_set_EPflag	same-name match
set_Pflag	0x1bdc	0x000c	cc_main5.obj	0x12250	_set_Pflag	same-name match
check_mod	0x1be8	0x0035	cc_main5.obj	0x12262	_check_mod	same-name match
set_processor	0x1c1d	0x00de	cc_main5.obj	0x1229d	_set_processor	same-name match
emit_switch_num	0x1cfb	0x0050	cc_main5.obj	0x123c9	_emit_switch_num	same-name match
emit_switch_num_no_blank	0x1d4b	0x002d	cc_main5.obj	0x12426	_emit_switch_num_no_blank	same-name match
set_c	0x1d78	0x000b	cc_main5.obj	0x12458	_set_c	same-name match
emit_threshold	0x1d83	0x001c	cc_main5.obj	0x12467	_emit_threshold	same-name match
set_incr_comp	0x1d9f	0x001a	cc_main5.obj	0x1248f	_set_incr_comp	same-name match
get_version	0x1db9	0x0028	cc_main5.obj	0x124b7	_get_version	same-name match
set_ML	0x1de1	0x0029	cc_main5.obj	0x124e9	_set_ML	same-name match
set_MT	0x1e0a	0x0029	cc_main5.obj	0x12521	_set_MT	same-name match
set_MD	0x1e33	0x0029	cc_main5.obj	0x12559	_set_MD	same-name match
set_FPi_Aw	0x1e5c	0x001b	cc_main5.obj	0x12591	_set_FPi_Aw	same-name match
uppercase	0x1e77	0x0025	cc_main5.obj	0x125b3	_uppercase	same-name match
getmem	0x1e9c	0x002c	cc_main5.obj	0x125d6	_getmem	same-name match
reset_pool	0x1ec8	0x003e	cc_main5.obj	0x12608	_reset_pool	same-name match
stringdup	0x1f06	0x0026	cc_main5.obj	0x1264a	_stringdup	same-name match
strpermdup	0x1f2c	0x002f	cc_main5.obj	0x12674	_strpermdup	same-name match
out_of_memory	0x1f5b	0x0011	cc_main5.obj	0x126a9	_out_of_memory	same-name match
ignore_flag	0x1f6c	0x0001	cc_main5.obj	0x126bd	_ignore_flag	same-name match
strip_quote	0x1f6d	0x002f	cc_main5.obj	0x126be	_strip_quote	same-name match
print_usage	0x1f9c	0x0014	cc_main5.obj	0x126ea	_print_usage	same-name match
get_inline_choice	0x1fb0	0x0053	cc_main5.obj	0x126fe	_get_inline_choice	same-name match
create_ext_defines	0x2003	0x005c	cc_main5.obj	0x12756	_create_ext_defines	same-name match
set_tiny_model	0x2060	0x0009	target5.obj	0x127c0	_set_tiny_model	same-name match
set_small_model	0x2069	0x0006	target5.obj	0x127c9	_set_small_model	same-name match
set_compact_model	0x206f	0x0009	target5.obj	0x127d4	_set_compact_model	same-name match
set_medium_model	0x2078	0x0009	target5.obj	0x127dd	_set_medium_model	same-name match
set_large_model	0x2081	0x0009	target5.obj	0x127e6	_set_large_model	same-name match
set_huge_model	0x208a	0x0009	target5.obj	0x127ef	_set_huge_model	same-name match
set_near_code	0x2093	0x0015	target5.obj	0x127f8	_set_near_code	same-name match
set_far_code	0x20a8	0x0009	target5.obj	0x1280c	_set_far_code	same-name match
set_near_data	0x20b1	0x0016	target5.obj	0x12815	_set_near_data	same-name match
set_far_data	0x20c7	0x0009	target5.obj	0x1282d	_set_far_data	same-name match
set_huge_data	0x20d0	0x0009	target5.obj	0x12836	_set_huge_data	same-name match
set_ss_equ_ds	0x20d9	0x0016	target5.obj	0x1283f	_set_ss_equ_ds	same-name match
set_ss_dif_ds	0x20ef	0x0036	target5.obj	0x1285a	_set_ss_dif_ds	same-name match
set_ss_dif_ds_load_ds	0x2125	0x001b	target5.obj	0x12895	_set_ss_dif_ds_load_ds	same-name match
do_default_model	0x2140	0x0045	target5.obj	0x128b7	_do_default_model	same-name match
set_FPc	0x2185	0x000c	target5.obj	0x12917	_set_FPc	same-name match
set_FPc87	0x2191	0x000c	target5.obj	0x12929	_set_FPc87	same-name match
set_FP87	0x219d	0x001b	target5.obj	0x1293b	_set_FP87	same-name match
set_FPa	0x21b8	0x000e	target5.obj	0x1295d	_set_FPa	same-name match
set_FPoption	0x21c6	0x0030	target5.obj	0x12971	_set_FPoption	same-name match
get_packsize	0x21f6	0x005a	target5.obj	0x129ad	_get_packsize	same-name match
set_default_optim	0x2250	0x0094	target5.obj	0x12a13	_set_default_optim	same-name match
quote_arg	0x22e4	0x0069	target5.obj	0x12aca	_quote_arg	same-name match
concat	0x234d	0x006b	target5.obj	0x12b3c	_concat	same-name match
dosystem	0x23b8	0x02ca	target5.obj	0x12bb5	_dosystem	same-name match
expand_libs	0x2682	0x0001	target5.obj	0x12f1f	_expand_libs	same-name match
do_target	0x2683	0x0013	target5.obj	0x12f20	_do_target	same-name match
defines_target	0x2696	0x0081	target5.obj	0x12f3b	_defines_target	same-name match
logo	0x2717	0x004d	target5.obj	0x12fd0	_logo	same-name match
sys_include	0x2764	0x00e4	target5.obj	0x13019	_sys_include	same-name match
redirect	0x2848	0x0029	target5.obj	0x13120	_redirect	same-name match
intclean	0x2871	0x0028	target5.obj	0x13151	_intclean	same-name match
D_init	0x2899	0x003e	target5.obj	0x13174	_D_init	same-name match
Link	0x28d7	0x03d9	target5.obj	0x131b8	_Link	same-name match
fix_slash	0x2cb0	0x0032	target5.obj	0x1365d	_fix_slash	same-name match
help	0x2ce2	0x0124	target5.obj	0x1368f	_help	same-name match
pause	0x2e06	0x004a	target5.obj	0x137d9	_pause	same-name match
print_header	0x2e50	0x002f	target5.obj	0x13825	_print_header	same-name match
path_open	0x2e7f	0x0031	target5.obj	0x1385d	_path_open	same-name match
getpath	0x2eb0	0x0066	target5.obj	0x1388e	_getpath	same-name match
path	0x2f16	0x004d	target5.obj	0x138fe	_path	same-name match
path_or_fname	0x2f63	0x0096	target5.obj	0x13958	_path_or_fname	same-name match
get_envflags	0x2ff9	0x0012	target5.obj	0x139fe	_get_envflags	same-name match
getflags	0x300b	0x00b4	target5.obj	0x13a15	_getflags	same-name match
name_check	0x30bf	0x0066	target5.obj	0x13aef	_name_check	same-name match
check_quick	0x3125	0x0052	target5.obj	0x13b65	_check_quick	same-name match
strncmpi	0x3177	0x002e	target5.obj	0x13bbe	_strncmpi	same-name match
get_parens	0x31a5	0x0095	target5.obj	0x13bea	_get_parens	same-name match
Bind	0x323a	0x00cb	target5.obj	0x13c9b	_Bind	same-name match
casecmp	0x3305	0x001b	target5.obj	0x13da8	_casecmp	same-name match
assemble	0x3320	0x0190	target5.obj	0x13dc0	_assemble	same-name match
emitmasm	0x34b0	0x002f	target5.obj	0x13fd5	_emitmasm	same-name match
to_masm	0x34df	0x0039	target5.obj	0x1400c	_to_masm	same-name match
get_message	0x360c	0x0079	get_err.obj	0x15fec	_get_message	same-name match
get_unsigned	0x3685	0x0075	get_err.obj	0x16067	_get_unsigned	same-name match
get_msg	0x36fa	0x008b	get_err.obj	0x160bd	_get_msg	same-name match
get_err	0x3785	0x0079	get_err.obj	0x16161	_get_err	same-name match
getline	0x37fe	0x009d	get_err.obj	0x161f4	_getline	same-name match
index	0x389c	0x0039	strings.obj	0x16df2	_index	same-name match
rindex	0x38d5	0x0036	strings.obj	0x16e17	_rindex	same-name match
InitLeadByte	0x390b	0x0062	strings.obj			not found
eprin	0x396e	0x002b	error.obj	0x154e6	_eprin	same-name match
print	0x3999	0x0015	error.obj	0x15513	_print	same-name match
iprint	0x39ae	0x0031	error.obj	0x15526	_iprint	same-name match
oprint	0x39df	0x0014	error.obj	0x15563	_oprint	same-name match
format	0x39f3	0x0014	error.obj	0x15577	_format	same-name match
do_format	0x3a07	0x00c2	error.obj	0x1558b	_do_format	same-name match
l2a	0x3ac9	0x0051	error.obj	0x15650	_l2a	same-name match
cmderr	0x3b1a	0x0082	error.obj	0x1569f	_cmderr	same-name match
cmdwarn	0x3b9c	0x0086	error.obj	0x15731	_cmdwarn	same-name match
make_exe	0x3c22	0x002c	cc_msdos.obj	0x1632c	_make_exe	same-name match
nextword	0x3c4e	0x001a	cc_msdos.obj	0x16363	_nextword	same-name match
