index	virtual_address	value	type	pad
0	0x10014	0x301cc	3	0
1	0x10024	0x30638	3	0
2	0x10034	0x30640	3	0
3	0x1005a	0x20280	3	0
4	0x10060	0x20228	3	0
5	0x1006a	0x300e4	3	0
6	0x10076	0x300e4	3	0
7	0x1007d	0x300e0	3	0
8	0x1008d	0x305fc	3	0
9	0x10095	0x3007f	3	0
10	0x100aa	0x30085	3	0
11	0x100bf	0x300e4	3	0
12	0x100c5	0x300e4	3	0
13	0x100d3	0x300e0	3	0
14	0x100d9	0x305fc	3	0
15	0x100e5	0x305fc	3	0
16	0x1010a	0x305fc	3	0
17	0x10111	0x300e4	3	0
18	0x10117	0x300e4	3	0
19	0x1011e	0x3008b	3	0
20	0x10124	0x300e0	3	0
21	0x1012a	0x305fc	3	0
22	0x10135	0x300e4	3	0
23	0x10141	0x300e4	3	0
24	0x10145	0x203cc	3	0
25	0x1014a	0x300e4	3	0
26	0x10160	0x30091	3	0
27	0x10172	0x304b9	3	0
28	0x10179	0x300e4	3	0
29	0x1017d	0x203cc	3	0
30	0x10183	0x304b9	3	0
31	0x10191	0x300e0	3	0
32	0x1019f	0x300ec	3	0
33	0x101a6	0x300ec	3	0
34	0x101af	0x300e0	3	0
35	0x101b5	0x300e0	3	0
36	0x101be	0x300e4	3	0
37	0x101c4	0x300e4	3	0
38	0x101d3	0x300e4	3	0
39	0x101e3	0x300e4	3	0
40	0x101ef	0x30630	3	0
41	0x10205	0x304b5	3	0
42	0x1020e	0x3052c	3	0
43	0x10217	0x304bc	3	0
44	0x10222	0x300f4	3	0
45	0x1022b	0x304aa	3	0
46	0x10234	0x300f4	3	0
47	0x1024a	0x3052c	3	0
48	0x10253	0x30525	3	0
49	0x1025c	0x30580	3	0
50	0x10265	0x30584	3	0
51	0x10272	0x3052c	3	0
52	0x10278	0x30530	3	0
53	0x1027f	0x30530	3	0
54	0x10284	0x30530	3	0
55	0x1028f	0x300ec	3	0
56	0x10294	0x304aa	3	0
57	0x102a6	0x209d4	3	0
58	0x102aa	0x31404	3	0
59	0x102bc	0x20224	3	0
60	0x102fb	0x300e4	3	0
61	0x10301	0x300e4	3	0
62	0x1030c	0x300e0	3	0
63	0x10316	0x209d4	3	0
64	0x10320	0x209d4	3	0
65	0x10337	0x20224	3	0
66	0x1033e	0x209d4	3	0
67	0x10344	0x209d4	3	0
68	0x10350	0x300d4	3	0
69	0x1037b	0x209d4	3	0
70	0x103ab	0x20224	3	0
71	0x103b3	0x209d4	3	0
72	0x103b9	0x300d4	3	0
73	0x103c8	0x209d4	3	0
74	0x103d3	0x20224	3	0
75	0x1045f	0x209d4	3	0
76	0x10471	0x300d4	3	0
77	0x104a4	0x209d4	3	0
78	0x10500	0x209d4	3	0
79	0x1051d	0x20224	3	0
80	0x105ea	0x300a0	3	0
81	0x10625	0x3053b	3	0
82	0x10633	0x30550	3	0
83	0x10657	0x30570	3	0
84	0x1065d	0x30574	3	0
85	0x1066b	0x3053b	3	0
86	0x10683	0x30550	3	0
87	0x106a9	0x30570	3	0
88	0x106af	0x30574	3	0
89	0x106b6	0x30654	3	0
90	0x106c1	0x3013c	3	0
91	0x106cb	0x3013c	3	0
92	0x106cf	0x3065e	3	0
93	0x106d4	0x3065f	3	0
94	0x106da	0x3013c	3	0
95	0x106e6	0x3013c	3	0
96	0x106f4	0x209d0	3	0
97	0x106fe	0x205d0	3	0
98	0x10704	0x209d0	3	0
99	0x1076f	0x30669	3	0
100	0x107bf	0x301cc	3	0
101	0x107c9	0x30484	3	0
102	0x107ea	0x30484	3	0
103	0x1084e	0x30484	3	0
104	0x1086a	0x30484	3	0
105	0x10894	0x30638	3	0
106	0x108ed	0x30148	3	0
107	0x108f8	0x30148	3	0
108	0x10905	0x3014c	3	0
109	0x1090b	0x30148	3	0
110	0x10921	0x3018c	3	0
111	0x1092d	0x300c8	3	0
112	0x10938	0x300d6	3	0
113	0x10941	0x304a5	3	0
114	0x1094a	0x30148	3	0
115	0x10958	0x304a5	3	0
116	0x1096c	0x3018c	3	0
117	0x10979	0x3066d	3	0
118	0x10988	0x3018c	3	0
119	0x1098d	0x30688	3	0
120	0x109ad	0x3068d	3	0
121	0x109c8	0x30695	3	0
122	0x109de	0x30699	3	0
123	0x10a25	0x20204	3	0
124	0x10a30	0x3069d	3	0
125	0x10aa5	0x306a1	3	0
126	0x10b09	0x300d5	3	0
127	0x10b1e	0x300d5	3	0
128	0x10b3c	0x30434	3	0
129	0x10b4d	0x300c4	3	0
130	0x10b51	0x306a3	3	0
131	0x10b57	0x30138	3	0
132	0x10b60	0x30140	3	0
133	0x10b6b	0x30138	3	0
134	0x10b75	0x30138	3	0
135	0x10b79	0x306a5	3	0
136	0x10b87	0x30138	3	0
137	0x10b8e	0x306a6	3	0
138	0x10b94	0x30434	3	0
139	0x10bae	0x30484	3	0
140	0x10bb4	0x300c8	3	0
141	0x10bc1	0x30536	3	0
142	0x10bc7	0x304bc	3	0
143	0x10bcd	0x304bd	3	0
144	0x10bd5	0x305f8	3	0
145	0x10bdd	0x3053e	3	0
146	0x10be3	0x300d6	3	0
147	0x10beb	0x305f8	3	0
148	0x10bf2	0x30630	3	0
149	0x10c11	0x3044c	3	0
150	0x10c19	0x306a7	3	0
151	0x10c29	0x3044c	3	0
152	0x10c34	0x30536	3	0
153	0x10c3c	0x30434	3	0
154	0x10c41	0x306a8	3	0
155	0x10c50	0x30537	3	0
156	0x10c58	0x306ac	3	0
157	0x10c5e	0x30484	3	0
158	0x10c6a	0x305f0	3	0
159	0x10c6f	0x30536	3	0
160	0x10c75	0x304bc	3	0
161	0x10c7b	0x304bd	3	0
162	0x10c88	0x305a8	3	0
163	0x10c91	0x305ac	3	0
164	0x10cb3	0x304b5	3	0
165	0x10cc5	0x304b5	3	0
166	0x10cd2	0x305a4	3	0
167	0x10cd7	0x3058c	3	0
168	0x10cdc	0x3057c	3	0
169	0x10ce1	0x305ac	3	0
170	0x10ce6	0x305bc	3	0
171	0x10ceb	0x305c0	3	0
172	0x10cf0	0x3044c	3	0
173	0x10cf5	0x3059c	3	0
174	0x10cfa	0x30594	3	0
175	0x10d00	0x3061c	3	0
176	0x10d07	0x305cc	3	0
177	0x10d0c	0x300c0	3	0
178	0x10d11	0x3052c	3	0
179	0x10d17	0x30530	3	0
180	0x10d1e	0x30530	3	0
181	0x10d31	0x30140	3	0
182	0x10d37	0x30138	3	0
183	0x10d4a	0x30134	3	0
184	0x10d50	0x300d6	3	0
185	0x10d59	0x305ac	3	0
186	0x10d62	0x305a8	3	0
187	0x10d69	0x304bd	3	0
188	0x10d76	0x300d6	3	0
189	0x10d82	0x209d0	3	0
190	0x10d8c	0x300d6	3	0
191	0x10d95	0x30460	3	0
192	0x10d9d	0x30460	3	0
193	0x10da5	0x300d5	3	0
194	0x10dad	0x306af	3	0
195	0x10db4	0x306b8	3	0
196	0x10dbc	0x30460	3	0
197	0x10dc5	0x300d5	3	0
198	0x10dcd	0x306c0	3	0
199	0x10dd5	0x3053a	3	0
200	0x10ddd	0x306c9	3	0
201	0x10de4	0x306d4	3	0
202	0x10df4	0x305cc	3	0
203	0x10dfd	0x30610	3	0
204	0x10e0b	0x300d6	3	0
205	0x10e14	0x30610	3	0
206	0x10e1d	0x305cc	3	0
207	0x10e26	0x305cc	3	0
208	0x10e2f	0x3061c	3	0
209	0x10e35	0x306df	3	0
210	0x10e3b	0x305cc	3	0
211	0x10e40	0x305c8	3	0
212	0x10e4d	0x305cc	3	0
213	0x10e53	0x305c8	3	0
214	0x10e5c	0x3061c	3	0
215	0x10e6d	0x30598	3	0
216	0x10e76	0x3059c	3	0
217	0x10e7e	0x306e3	3	0
218	0x10e84	0x3059c	3	0
219	0x10e89	0x305dc	3	0
220	0x10e96	0x3059c	3	0
221	0x10ea6	0x30598	3	0
222	0x10ead	0x30590	3	0
223	0x10eb4	0x30594	3	0
224	0x10ec0	0x30590	3	0
225	0x10ec9	0x30594	3	0
226	0x10ed1	0x306e7	3	0
227	0x10ed7	0x30594	3	0
228	0x10edc	0x305d8	3	0
229	0x10ee9	0x30594	3	0
230	0x10ef9	0x30590	3	0
231	0x10f00	0x305c4	3	0
232	0x10f12	0x304c0	3	0
233	0x10f1b	0x304bf	3	0
234	0x10f21	0x304d0	3	0
235	0x10f27	0x300d6	3	0
236	0x10f36	0x31404	3	0
237	0x10f44	0x300d7	3	0
238	0x10f4c	0x306eb	3	0
239	0x10f58	0x300d6	3	0
240	0x10f61	0x300be	3	0
241	0x10f6a	0x300b8	3	0
242	0x10f76	0x304c0	3	0
243	0x10f7e	0x306ef	3	0
244	0x10f86	0x304bf	3	0
245	0x10f8e	0x306f3	3	0
246	0x10f9a	0x305f8	3	0
247	0x10fa2	0x306f7	3	0
248	0x10fb8	0x30620	3	0
249	0x10fc1	0x30620	3	0
250	0x10fcd	0x300d6	3	0
251	0x10fd5	0x209d0	3	0
252	0x10fdc	0x205d0	3	0
253	0x10fe7	0x205d0	3	0
254	0x10fef	0x306fb	3	0
255	0x10ffc	0x3052c	3	0
256	0x11001	0x3052c	3	0
257	0x11013	0x30600	3	0
258	0x1101f	0x306fe	3	0
259	0x1102b	0x209d0	3	0
260	0x11032	0x205d0	3	0
261	0x1103d	0x205d0	3	0
262	0x11045	0x30701	3	0
263	0x11052	0x3052c	3	0
264	0x1105c	0x305f8	3	0
265	0x11065	0x304bd	3	0
266	0x1106d	0x30600	3	0
267	0x11079	0x3052c	3	0
268	0x11086	0x305f8	3	0
269	0x11093	0x305f8	3	0
270	0x11099	0x305f8	3	0
271	0x110a9	0x300d6	3	0
272	0x110b6	0x300d7	3	0
273	0x110bf	0x30144	3	0
274	0x110c5	0x30138	3	0
275	0x110d8	0x30134	3	0
276	0x110de	0x209d0	3	0
277	0x110e8	0x300d7	3	0
278	0x110f1	0x30464	3	0
279	0x110f9	0x30464	3	0
280	0x11101	0x30546	3	0
281	0x11109	0x30704	3	0
282	0x11110	0x3070f	3	0
283	0x11118	0x30464	3	0
284	0x11121	0x3053a	3	0
285	0x11129	0x30717	3	0
286	0x11130	0x30722	3	0
287	0x11135	0x30458	3	0
288	0x11141	0x30458	3	0
289	0x11146	0x304d0	3	0
290	0x1114c	0x300d7	3	0
291	0x1115b	0x31404	3	0
292	0x11169	0x300d7	3	0
293	0x11175	0x3009c	3	0
294	0x1117a	0x300a4	3	0
295	0x1117f	0x304ac	3	0
296	0x11184	0x300a5	3	0
297	0x11189	0x300a6	3	0
298	0x1118f	0x300b8	3	0
299	0x111a0	0x30600	3	0
300	0x111ac	0x3072d	3	0
301	0x111b9	0x3053c	3	0
302	0x111c2	0x300a6	3	0
303	0x111c8	0x300a7	3	0
304	0x111d0	0x300a4	3	0
305	0x111d5	0x30730	3	0
306	0x111e1	0x30734	3	0
307	0x111ed	0x3073d	3	0
308	0x111fb	0x3053c	3	0
309	0x11203	0x30740	3	0
310	0x1120f	0x300be	3	0
311	0x11218	0x300b8	3	0
312	0x11224	0x304c7	3	0
313	0x1122c	0x30744	3	0
314	0x1123d	0x30624	3	0
315	0x11246	0x30624	3	0
316	0x11251	0x209d0	3	0
317	0x11258	0x205d0	3	0
318	0x11263	0x205d0	3	0
319	0x11269	0x30458	3	0
320	0x1126e	0x30748	3	0
321	0x1127b	0x3052c	3	0
322	0x11281	0x300d7	3	0
323	0x1128e	0x30600	3	0
324	0x1129b	0x30600	3	0
325	0x112a4	0x30600	3	0
326	0x112b0	0x3052c	3	0
327	0x112b9	0x3052c	3	0
328	0x112bf	0x3052c	3	0
329	0x112c7	0x300d6	3	0
330	0x112cd	0x300d7	3	0
331	0x112d9	0x30144	3	0
332	0x112df	0x30138	3	0
333	0x112f2	0x30134	3	0
334	0x112f7	0x3009c	3	0
335	0x112fc	0x300a4	3	0
336	0x11301	0x304ac	3	0
337	0x11306	0x300a5	3	0
338	0x1130b	0x300a6	3	0
339	0x11311	0x209d0	3	0
340	0x1131b	0x30468	3	0
341	0x11323	0x30468	3	0
342	0x1132b	0x3053a	3	0
343	0x11333	0x3074b	3	0
344	0x1133a	0x30756	3	0
345	0x1133f	0x3045c	3	0
346	0x1134b	0x3045c	3	0
347	0x11351	0x300c4	3	0
348	0x11356	0x30761	3	0
349	0x11362	0x304d0	3	0
350	0x11369	0x31404	3	0
351	0x11377	0x300b8	3	0
352	0x11388	0x304a0	3	0
353	0x11390	0x30764	3	0
354	0x1139c	0x30600	3	0
355	0x113a8	0x30768	3	0
356	0x113b5	0x3053c	3	0
357	0x113c4	0x300a4	3	0
358	0x113c9	0x3076b	3	0
359	0x113d5	0x3076f	3	0
360	0x113e1	0x30778	3	0
361	0x113ee	0x30628	3	0
362	0x113f7	0x30628	3	0
363	0x11402	0x209d0	3	0
364	0x11409	0x205d0	3	0
365	0x11414	0x205d0	3	0
366	0x1141a	0x3045c	3	0
367	0x1141f	0x3077b	3	0
368	0x1142c	0x3052c	3	0
369	0x11436	0x30600	3	0
370	0x1143e	0x30600	3	0
371	0x1144b	0x30600	3	0
372	0x11454	0x30600	3	0
373	0x11460	0x3052c	3	0
374	0x11469	0x3052c	3	0
375	0x11472	0x3052c	3	0
376	0x1147f	0x3077e	3	0
377	0x11485	0x305bc	3	0
378	0x1148a	0x305e8	3	0
379	0x11497	0x30600	3	0
380	0x114a7	0x30434	3	0
381	0x114b6	0x300d6	3	0
382	0x114bf	0x305a8	3	0
383	0x114c8	0x305ac	3	0
384	0x114d0	0x30782	3	0
385	0x114d6	0x305ac	3	0
386	0x114db	0x305e4	3	0
387	0x114e8	0x305ac	3	0
388	0x114ee	0x305a8	3	0
389	0x114ff	0x304cd	3	0
390	0x11508	0x305ac	3	0
391	0x11514	0x30786	3	0
392	0x11523	0x3078a	3	0
393	0x11535	0x305a0	3	0
394	0x1153e	0x30578	3	0
395	0x11547	0x30588	3	0
396	0x11554	0x304cd	3	0
397	0x11561	0x30588	3	0
398	0x1156a	0x305c0	3	0
399	0x11572	0x305c0	3	0
400	0x11579	0x30792	3	0
401	0x11580	0x3058c	3	0
402	0x11585	0x305d4	3	0
403	0x1158d	0x305c0	3	0
404	0x11595	0x305c0	3	0
405	0x1159c	0x30796	3	0
406	0x115a3	0x305a4	3	0
407	0x115a8	0x305e0	3	0
408	0x115cd	0x30588	3	0
409	0x115d5	0x3079a	3	0
410	0x115dc	0x3079e	3	0
411	0x115ea	0x30588	3	0
412	0x115f9	0x307a1	3	0
413	0x11601	0x304cd	3	0
414	0x1160a	0x30579	3	0
415	0x11613	0x3057a	3	0
416	0x1161c	0x3057c	3	0
417	0x11625	0x3057a	3	0
418	0x1162c	0x305c0	3	0
419	0x11634	0x305c0	3	0
420	0x1163b	0x307a9	3	0
421	0x11642	0x3057c	3	0
422	0x11647	0x305d0	3	0
423	0x11654	0x3057c	3	0
424	0x11664	0x3057c	3	0
425	0x11670	0x307ad	3	0
426	0x1167f	0x3049c	3	0
427	0x11688	0x3049c	3	0
428	0x11691	0x3049c	3	0
429	0x1169e	0x307b1	3	0
430	0x116a4	0x3049c	3	0
431	0x116b4	0x3049c	3	0
432	0x116be	0x3049c	3	0
433	0x116c3	0x307b5	3	0
434	0x116d0	0x30498	3	0
435	0x116d9	0x30498	3	0
436	0x116e2	0x30498	3	0
437	0x116ef	0x307b9	3	0
438	0x116f5	0x30498	3	0
439	0x11705	0x30498	3	0
440	0x1170f	0x30498	3	0
441	0x11714	0x307bd	3	0
442	0x11721	0x30478	3	0
443	0x1172c	0x30478	3	0
444	0x11739	0x30478	3	0
445	0x11745	0x307c1	3	0
446	0x11752	0x3047c	3	0
447	0x1175d	0x3047c	3	0
448	0x1176a	0x3047c	3	0
449	0x11776	0x307c5	3	0
450	0x117e3	0x307c9	3	0
451	0x11805	0x30630	3	0
452	0x1180b	0x30536	3	0
453	0x11829	0x30434	3	0
454	0x11830	0x307ca	3	0
455	0x1184c	0x30484	3	0
456	0x11862	0x30434	3	0
457	0x11873	0x304b5	3	0
458	0x11881	0x300f4	3	0
459	0x11887	0x300f4	3	0
460	0x118a3	0x300f4	3	0
461	0x118aa	0x207d0	3	0
462	0x118ff	0x304d0	3	0
463	0x1190c	0x3063c	3	0
464	0x11930	0x304d0	3	0
465	0x11962	0x304d0	3	0
466	0x1196f	0x3063c	3	0
467	0x1198c	0x304d0	3	0
468	0x11999	0x3063c	3	0
469	0x119ca	0x304d2	3	0
470	0x119e6	0x304d0	3	0
471	0x11a00	0x304d0	3	0
472	0x11a18	0x11a1c	3	0
473	0x11a1c	0x119ad	3	0
474	0x11a20	0x1193c	3	0
475	0x11a24	0x11951	3	0
476	0x11a28	0x1197b	3	0
477	0x11a2c	0x118f2	3	0
478	0x11a30	0x11921	3	0
479	0x11a34	0x119c5	3	0
480	0x11a38	0x11948	3	0
481	0x11a3c	0x119d7	3	0
482	0x11a40	0x119f5	3	0
483	0x11a44	0x11916	3	0
484	0x11a5d	0x300d4	3	0
485	0x11a81	0x300f8	3	0
486	0x11a8b	0x300f8	3	0
487	0x11aa3	0x300f8	3	0
488	0x11aaf	0x30250	3	0
489	0x11ace	0x300f8	3	0
490	0x11ad8	0x300f8	3	0
491	0x11ae6	0x300f8	3	0
492	0x11b00	0x304cd	3	0
493	0x11b09	0x307d0	3	0
494	0x11b17	0x307d0	3	0
495	0x11b26	0x304b4	3	0
496	0x11b3c	0x301d8	3	0
497	0x11b42	0x307cb	3	0
498	0x11b69	0x301d8	3	0
499	0x11b72	0x304cd	3	0
500	0x11b7c	0x301d8	3	0
501	0x11b93	0x205cc	3	0
502	0x11b9d	0x205cc	3	0
503	0x11ba4	0x302c8	3	0
504	0x11bbe	0x307d4	3	0
505	0x11bd2	0x205cc	3	0
506	0x11bd9	0x205cc	3	0
507	0x11be0	0x302c8	3	0
508	0x11bec	0x304cd	3	0
509	0x11bf6	0x302c8	3	0
510	0x11bfe	0x304cd	3	0
511	0x11c07	0x304b6	3	0
512	0x11c1e	0x307d7	3	0
513	0x11c24	0x304a1	3	0
514	0x11c2d	0x304a6	3	0
515	0x11c33	0x300e8	3	0
516	0x11c39	0x30490	3	0
517	0x11c41	0x30490	3	0
518	0x11c4b	0x307e3	3	0
519	0x11c51	0x30490	3	0
520	0x11c61	0x30490	3	0
521	0x11c6b	0x30450	3	0
522	0x11c77	0x30444	3	0
523	0x11c83	0x304bd	3	0
524	0x11c8c	0x304c1	3	0
525	0x11c93	0x30618	3	0
526	0x11c9c	0x30618	3	0
527	0x11ca6	0x300c9	3	0
528	0x11caf	0x30536	3	0
529	0x11cb7	0x307e6	3	0
530	0x11cbc	0x307f4	3	0
531	0x11ccc	0x300c9	3	0
532	0x11cd2	0x304af	3	0
533	0x11cd8	0x304ae	3	0
534	0x11ce4	0x300de	3	0
535	0x11cea	0x300dd	3	0
536	0x11cf0	0x300dc	3	0
537	0x11cfc	0x3009c	3	0
538	0x11d05	0x3009c	3	0
539	0x11d10	0x307f7	3	0
540	0x11d20	0x30525	3	0
541	0x11d2b	0x30802	3	0
542	0x11d3b	0x300cd	3	0
543	0x11d46	0x3080d	3	0
544	0x11d56	0x30584	3	0
545	0x11d5f	0x30580	3	0
546	0x11d6a	0x30811	3	0
547	0x11d79	0x30527	3	0
548	0x11d7f	0x30528	3	0
549	0x11d85	0x30526	3	0
550	0x11d8f	0x30815	3	0
551	0x11d9e	0x300cd	3	0
552	0x11da4	0x30524	3	0
553	0x11dab	0x30825	3	0
554	0x11db0	0x30829	3	0
555	0x11dbf	0x3054a	3	0
556	0x11dc5	0x30544	3	0
557	0x11dcb	0x30543	3	0
558	0x11dd1	0x30545	3	0
559	0x11dd7	0x30542	3	0
560	0x11ddd	0x30541	3	0
561	0x11de3	0x30540	3	0
562	0x11de9	0x3053f	3	0
563	0x11def	0x3053e	3	0
564	0x11df5	0x3053d	3	0
565	0x11dfa	0x3053c	3	0
566	0x11e00	0x300d7	3	0
567	0x11e09	0x30548	3	0
568	0x11e0f	0x30547	3	0
569	0x11e14	0x3053c	3	0
570	0x11e1a	0x304b7	3	0
571	0x11e23	0x30546	3	0
572	0x11e2b	0x3082d	3	0
573	0x11e30	0x30831	3	0
574	0x11e40	0x304b7	3	0
575	0x11e47	0x300d8	3	0
576	0x11e50	0x304b8	3	0
577	0x11e57	0x30588	3	0
578	0x11e60	0x3058c	3	0
579	0x11e69	0x305a0	3	0
580	0x11e72	0x305a4	3	0
581	0x11e83	0x305a4	3	0
582	0x11e8d	0x305a0	3	0
583	0x11e94	0x30588	3	0
584	0x11e9b	0x305a0	3	0
585	0x11ea4	0x30578	3	0
586	0x11ead	0x305a4	3	0
587	0x11eb6	0x30588	3	0
588	0x11ebf	0x30579	3	0
589	0x11ec8	0x3057a	3	0
590	0x11ed1	0x3057c	3	0
591	0x11ee3	0x3057a	3	0
592	0x11ee8	0x30579	3	0
593	0x11eee	0x3057c	3	0
594	0x11ef8	0x305a4	3	0
595	0x11f01	0x305a0	3	0
596	0x11f07	0x30579	3	0
597	0x11f0d	0x30536	3	0
598	0x11f13	0x30578	3	0
599	0x11f1b	0x304b5	3	0
600	0x11f22	0x304c5	3	0
601	0x11f2b	0x30444	3	0
602	0x11f33	0x3083d	3	0
603	0x11f38	0x30841	3	0
604	0x11f48	0x304a9	3	0
605	0x11f50	0x30845	3	0
606	0x11f55	0x30849	3	0
607	0x11f65	0x30444	3	0
608	0x11f6e	0x304c8	3	0
609	0x11f76	0x3084d	3	0
610	0x11f7b	0x30851	3	0
611	0x11f90	0x305a8	3	0
612	0x11f99	0x305ac	3	0
613	0x11fa2	0x30536	3	0
614	0x11fab	0x304bd	3	0
615	0x11fb4	0x30536	3	0
616	0x11fc9	0x305a8	3	0
617	0x11fd0	0x305ac	3	0
618	0x11fdf	0x30536	3	0
619	0x11ff2	0x30434	3	0
620	0x12011	0x30536	3	0
621	0x12024	0x30434	3	0
622	0x12045	0x30542	3	0
623	0x1204a	0x30540	3	0
624	0x1204f	0x3053c	3	0
625	0x12054	0x30544	3	0
626	0x12059	0x30543	3	0
627	0x1205e	0x3054b	3	0
628	0x12063	0x3053f	3	0
629	0x12068	0x3053d	3	0
630	0x1206d	0x3053e	3	0
631	0x12072	0x30547	3	0
632	0x12077	0x30545	3	0
633	0x1207c	0x30541	3	0
634	0x12082	0x300d7	3	0
635	0x12089	0x3054c	3	0
636	0x1208f	0x30570	3	0
637	0x12099	0x30574	3	0
638	0x120a0	0x3053b	3	0
639	0x120a7	0x30618	3	0
640	0x120b0	0x30618	3	0
641	0x120bc	0x30547	3	0
642	0x120c1	0x3053c	3	0
643	0x120c6	0x30543	3	0
644	0x120cb	0x3053f	3	0
645	0x120d0	0x30544	3	0
646	0x120d5	0x3054c	3	0
647	0x120db	0x30546	3	0
648	0x120e3	0x3053e	3	0
649	0x120e8	0x30542	3	0
650	0x120ee	0x300d7	3	0
651	0x120f6	0x30548	3	0
652	0x120fc	0x30570	3	0
653	0x12106	0x30574	3	0
654	0x12117	0x30540	3	0
655	0x1211c	0x3053b	3	0
656	0x12122	0x300d6	3	0
657	0x1212b	0x30542	3	0
658	0x12133	0x30542	3	0
659	0x12139	0x30541	3	0
660	0x12140	0x30570	3	0
661	0x12149	0x30541	3	0
662	0x1214e	0x3053b	3	0
663	0x12154	0x300d6	3	0
664	0x1215d	0x30542	3	0
665	0x12165	0x30542	3	0
666	0x1216b	0x30540	3	0
667	0x12172	0x30570	3	0
668	0x1217b	0x30546	3	0
669	0x12180	0x300d7	3	0
670	0x12187	0x300ce	3	0
671	0x1218f	0x304ae	3	0
672	0x12194	0x304af	3	0
673	0x12199	0x304be	3	0
674	0x1219e	0x300d0	3	0
675	0x121a3	0x300d2	3	0
676	0x121ab	0x304ae	3	0
677	0x121b0	0x304af	3	0
678	0x121b5	0x304be	3	0
679	0x121ba	0x300ce	3	0
680	0x121bf	0x300d2	3	0
681	0x121c5	0x300d0	3	0
682	0x121cd	0x304be	3	0
683	0x121d5	0x300ce	3	0
684	0x121da	0x300d0	3	0
685	0x121df	0x300d2	3	0
686	0x121e7	0x304ae	3	0
687	0x121ec	0x304af	3	0
688	0x121f1	0x304be	3	0
689	0x121f6	0x300ce	3	0
690	0x121fb	0x300d0	3	0
691	0x12201	0x300d2	3	0
692	0x12209	0x304c5	3	0
693	0x12211	0x300ca	3	0
694	0x12216	0x300cb	3	0
695	0x1221d	0x300ca	3	0
696	0x12225	0x304c5	3	0
697	0x1222a	0x300cb	3	0
698	0x12232	0x304c5	3	0
699	0x12237	0x300ca	3	0
700	0x1223d	0x300cb	3	0
701	0x12246	0x30535	3	0
702	0x1224b	0x30536	3	0
703	0x12253	0x30536	3	0
704	0x12258	0x30535	3	0
705	0x1225d	0x30537	3	0
706	0x12271	0x300d8	3	0
707	0x1228e	0x300d8	3	0
708	0x12296	0x300d8	3	0
709	0x122b0	0x3009c	3	0
710	0x122b9	0x3009c	3	0
711	0x122cb	0x3009c	3	0
712	0x122d9	0x30974	3	0
713	0x122dd	0x30855	3	0
714	0x122e3	0x300d6	3	0
715	0x122f2	0x30974	3	0
716	0x122f6	0x30860	3	0
717	0x122fc	0x300d6	3	0
718	0x12309	0x30454	3	0
719	0x12312	0x30454	3	0
720	0x12316	0x3086a	3	0
721	0x1231c	0x30458	3	0
722	0x12325	0x30458	3	0
723	0x12329	0x30871	3	0
724	0x1232f	0x3045c	3	0
725	0x12338	0x3045c	3	0
726	0x1233c	0x30878	3	0
727	0x12342	0x30988	3	0
728	0x12346	0x3087f	3	0
729	0x1234e	0x30454	3	0
730	0x12357	0x30454	3	0
731	0x1235b	0x30885	3	0
732	0x12361	0x30458	3	0
733	0x1236a	0x30458	3	0
734	0x1236e	0x30890	3	0
735	0x12374	0x3045c	3	0
736	0x1237d	0x3045c	3	0
737	0x12381	0x3089b	3	0
738	0x12387	0x30988	3	0
739	0x1238b	0x308a6	3	0
740	0x12391	0x30520	3	0
741	0x1239a	0x30520	3	0
742	0x123a4	0x30974	3	0
743	0x123a8	0x308ac	3	0
744	0x123d9	0x308b6	3	0
745	0x123eb	0x304cd	3	0
746	0x123fe	0x3063c	3	0
747	0x1241f	0x3063c	3	0
748	0x12430	0x308b9	3	0
749	0x12451	0x3063c	3	0
750	0x1245a	0x300d4	3	0
751	0x12461	0x304cd	3	0
752	0x12469	0x300d8	3	0
753	0x12472	0x300a0	3	0
754	0x1247e	0x300a0	3	0
755	0x12483	0x308bc	3	0
756	0x12491	0x30610	3	0
757	0x1249a	0x30610	3	0
758	0x124a4	0x30608	3	0
759	0x124ae	0x30604	3	0
760	0x124c3	0x20000	3	0
761	0x124cb	0x20001	3	0
762	0x124d3	0x20002	3	0
763	0x124d9	0x20003	3	0
764	0x124e1	0x20000	3	0
765	0x124ea	0x300de	3	0
766	0x124f0	0x300dc	3	0
767	0x124ff	0x209d4	3	0
768	0x12506	0x301d0	3	0
769	0x1250c	0x30440	3	0
770	0x12510	0x308c0	3	0
771	0x12517	0x300dd	3	0
772	0x1251c	0x300df	3	0
773	0x12522	0x300dd	3	0
774	0x12528	0x300dc	3	0
775	0x12537	0x209d4	3	0
776	0x1253e	0x301d0	3	0
777	0x12544	0x30440	3	0
778	0x12548	0x308cc	3	0
779	0x1254f	0x300de	3	0
780	0x12554	0x300df	3	0
781	0x1255a	0x300de	3	0
782	0x12560	0x300dd	3	0
783	0x1256f	0x209d4	3	0
784	0x12576	0x301d0	3	0
785	0x1257d	0x300dc	3	0
786	0x12582	0x300df	3	0
787	0x12588	0x30440	3	0
788	0x1258c	0x308d7	3	0
789	0x12592	0x301d4	3	0
790	0x125a1	0x300d8	3	0
791	0x125ae	0x300d8	3	0
792	0x125de	0x30640	3	0
793	0x125e3	0x30648	3	0
794	0x125f3	0x3064c	3	0
795	0x1260c	0x30640	3	0
796	0x12611	0x30640	3	0
797	0x12616	0x30644	3	0
798	0x12620	0x30648	3	0
799	0x1262e	0x3064c	3	0
800	0x126aa	0x308d8	3	0
801	0x126eb	0x308e7	3	0
802	0x1271d	0x30618	3	0
803	0x12727	0x30924	3	0
804	0x1272d	0x30618	3	0
805	0x1273c	0x30618	3	0
806	0x12747	0x30928	3	0
807	0x1277b	0x300f8	3	0
808	0x127a0	0x300f8	3	0
809	0x30098	0x30000	3	0
810	0x300c4	0x30014	3	0
811	0x300e4	0x203cc	3	0
812	0x300f8	0x30016	3	0
813	0x300fc	0x3001f	3	0
814	0x30140	0x30028	3	0
815	0x30144	0x30033	3	0
816	0x30148	0x3003f	3	0
817	0x3014c	0x30046	3	0
818	0x30150	0x30049	3	0
819	0x30154	0x3004c	3	0
820	0x30158	0x3004f	3	0
821	0x3015c	0x30052	3	0
822	0x30160	0x30055	3	0
823	0x30164	0x30058	3	0
824	0x30168	0x3005b	3	0
825	0x3016c	0x3005e	3	0
826	0x30170	0x30061	3	0
827	0x30174	0x30064	3	0
828	0x30178	0x30067	3	0
829	0x3017c	0x3006a	3	0
830	0x30180	0x3006d	3	0
831	0x30184	0x30070	3	0
832	0x30188	0x30073	3	0
833	0x301d4	0x30076	3	0
834	0x3043c	0x3007a	3	0
835	0x30550	0x30540	3	0
836	0x30554	0x30542	3	0
837	0x30558	0x30547	3	0
838	0x3055c	0x3053e	3	0
839	0x30560	0x30548	3	0
840	0x30564	0x30544	3	0
841	0x30568	0x3054c	3	0
842	0x30634	0x3007b	3	0
843	0x3063c	0x106f0	3	0
844	0x12804	0x301d4	3	0
845	0x12824	0x301d4	3	0
846	0x12851	0x301d4	3	0
847	0x12873	0x300cc	3	0
848	0x1288a	0x301d4	3	0
849	0x128a8	0x304a9	3	0
850	0x128ae	0x301d4	3	0
851	0x128b9	0x30996	3	0
852	0x128c2	0x30996	3	0
853	0x128c9	0x300b8	3	0
854	0x128d2	0x300b8	3	0
855	0x128d6	0x3098c	3	0
856	0x128dc	0x300d8	3	0
857	0x128ea	0x300d8	3	0
858	0x128f8	0x300d9	3	0
859	0x12907	0x304ad	3	0
860	0x1290d	0x30991	3	0
861	0x12912	0x304ac	3	0
862	0x1291f	0x304c6	3	0
863	0x12924	0x300bd	3	0
864	0x12931	0x304c6	3	0
865	0x12936	0x300bf	3	0
866	0x12941	0x30997	3	0
867	0x12947	0x300b8	3	0
868	0x12958	0x300bf	3	0
869	0x12964	0x300bd	3	0
870	0x1296b	0x300bc	3	0
871	0x12973	0x300b8	3	0
872	0x1297c	0x300b8	3	0
873	0x12981	0x300e4	3	0
874	0x1299b	0x300e4	3	0
875	0x129a8	0x300b8	3	0
876	0x129cc	0x30520	3	0
877	0x129d5	0x30520	3	0
878	0x129de	0x30520	3	0
879	0x129e8	0x3099e	3	0
880	0x129ee	0x30520	3	0
881	0x129fd	0x30520	3	0
882	0x12a09	0x30520	3	0
883	0x12a1c	0x30550	3	0
884	0x12a22	0x300d6	3	0
885	0x12a2b	0x300d7	3	0
886	0x12a35	0x30570	3	0
887	0x12a3d	0x30546	3	0
888	0x12a47	0x30574	3	0
889	0x12a55	0x30550	3	0
890	0x12a5d	0x3053b	3	0
891	0x12a67	0x30544	3	0
892	0x12a6c	0x30542	3	0
893	0x12a71	0x3053e	3	0
894	0x12a76	0x3054c	3	0
895	0x12a7b	0x30548	3	0
896	0x12a80	0x30547	3	0
897	0x12a85	0x3053c	3	0
898	0x12aad	0x3053b	3	0
899	0x12ab9	0x304c1	3	0
900	0x12ac3	0x304a0	3	0
901	0x12b0f	0x20204	3	0
902	0x12b5b	0x309a2	3	0
903	0x12bc4	0x304a7	3	0
904	0x12bca	0x304a6	3	0
905	0x12bdf	0x304a1	3	0
906	0x12c4f	0x309b1	3	0
907	0x12c55	0x309b8	3	0
908	0x12c68	0x309be	3	0
909	0x12cda	0x309ff	3	0
910	0x12cf0	0x31bc0	3	0
911	0x12d0d	0x209d8	3	0
912	0x12d1f	0x209d8	3	0
913	0x12d34	0x309c3	3	0
914	0x12d47	0x309c9	3	0
915	0x12d80	0x309ce	3	0
916	0x12d93	0x309d3	3	0
917	0x12dcc	0x309d7	3	0
918	0x12ddf	0x309dc	3	0
919	0x12e18	0x309e0	3	0
920	0x12e2b	0x309e6	3	0
921	0x12e64	0x309eb	3	0
922	0x12e77	0x309f0	3	0
923	0x12eae	0x309f4	3	0
924	0x12ec1	0x309fa	3	0
925	0x12ee6	0x300c0	3	0
926	0x12f22	0x3009c	3	0
927	0x12f2b	0x3009c	3	0
928	0x12f32	0x30974	3	0
929	0x12f36	0x30a0e	3	0
930	0x12f45	0x30a18	3	0
931	0x12f50	0x20228	3	0
932	0x12f59	0x300f8	3	0
933	0x12f65	0x304ac	3	0
934	0x12f76	0x300f8	3	0
935	0x12f7c	0x30974	3	0
936	0x12f83	0x300f8	3	0
937	0x12f8a	0x304bf	3	0
938	0x12f9b	0x300de	3	0
939	0x12fa1	0x300dd	3	0
940	0x12fa7	0x300dc	3	0
941	0x12fb0	0x300f8	3	0
942	0x12fb4	0x30a23	3	0
943	0x12fbb	0x300dc	3	0
944	0x12fc5	0x300f8	3	0
945	0x12fc9	0x30a29	3	0
946	0x12fd1	0x30a30	3	0
947	0x12fe0	0x300d6	3	0
948	0x12fe8	0x30a3f	3	0
949	0x12fef	0x30a61	3	0
950	0x12ffd	0x30a8c	3	0
951	0x1300b	0x30aab	3	0
952	0x13024	0x30acd	3	0
953	0x13029	0x30ad0	3	0
954	0x1303a	0x30ad8	3	0
955	0x13064	0x20204	3	0
956	0x1309b	0x205cc	3	0
957	0x130a1	0x205cc	3	0
958	0x130ea	0x205cc	3	0
959	0x130f0	0x205cc	3	0
960	0x13122	0x30536	3	0
961	0x1312b	0x304bd	3	0
962	0x13134	0x30adc	3	0
963	0x13148	0x30adc	3	0
964	0x13158	0x30600	3	0
965	0x13161	0x30600	3	0
966	0x13176	0x30ae0	3	0
967	0x13188	0x30148	3	0
968	0x13195	0x30148	3	0
969	0x1319b	0x30148	3	0
970	0x131a7	0x30148	3	0
971	0x131b2	0x30148	3	0
972	0x131c5	0x300c8	3	0
973	0x131ce	0x30148	3	0
974	0x131da	0x30148	3	0
975	0x131e5	0x30148	3	0
976	0x131ea	0x30ae4	3	0
977	0x131f0	0x30148	3	0
978	0x131fc	0x2027c	3	0
979	0x13202	0x304a1	3	0
980	0x1320c	0x15563	3	0
981	0x13245	0x15563	3	0
982	0x13261	0x30aed	3	0
983	0x1327a	0x207d0	3	0
984	0x13297	0x30ae7	3	0
985	0x132af	0x207d4	3	0
986	0x132b9	0x207d4	3	0
987	0x132c9	0x30aea	3	0
988	0x132e2	0x304c2	3	0
989	0x132ea	0x30af1	3	0
990	0x132f6	0x304c1	3	0
991	0x132fe	0x30af6	3	0
992	0x13309	0x30afb	3	0
993	0x13314	0x30488	3	0
994	0x13319	0x30484	3	0
995	0x1331f	0x300d6	3	0
996	0x1333d	0x30afd	3	0
997	0x13343	0x30430	3	0
998	0x1334b	0x30430	3	0
999	0x13352	0x30488	3	0
1000	0x1335b	0x300dd	3	0
1001	0x13363	0x30b01	3	0
1002	0x1336a	0x30b05	3	0
1003	0x13370	0x30430	3	0
1004	0x1337f	0x30430	3	0
1005	0x1338f	0x30430	3	0
1006	0x13394	0x30b09	3	0
1007	0x133a0	0x30b0e	3	0
1008	0x133ac	0x30438	3	0
1009	0x133b5	0x30438	3	0
1010	0x133ba	0x30b14	3	0
1011	0x133c6	0x30b21	3	0
1012	0x133d2	0x305f4	3	0
1013	0x133db	0x305b8	3	0
1014	0x133e5	0x30b23	3	0
1015	0x133eb	0x30430	3	0
1016	0x133ff	0x305f4	3	0
1017	0x13405	0x305f4	3	0
1018	0x1340e	0x304c2	3	0
1019	0x13416	0x30b27	3	0
1020	0x13423	0x30b2b	3	0
1021	0x13429	0x305f4	3	0
1022	0x13438	0x305f4	3	0
1023	0x13447	0x30430	3	0
1024	0x1344c	0x30434	3	0
1025	0x13452	0x305f4	3	0
1026	0x1345d	0x305f4	3	0
1027	0x13463	0x30b2f	3	0
1028	0x1346f	0x30b35	3	0
1029	0x1347b	0x303b8	3	0
1030	0x13487	0x303b8	3	0
1031	0x13493	0x30b37	3	0
1032	0x134a0	0x303b8	3	0
1033	0x134a5	0x30b3a	3	0
1034	0x134b8	0x304aa	3	0
1035	0x134c3	0x30b3e	3	0
1036	0x134df	0x30524	3	0
1037	0x134e9	0x30b42	3	0
1038	0x13505	0x3043c	3	0
1039	0x13512	0x30b57	3	0
1040	0x1351a	0x30525	3	0
1041	0x13524	0x30b5b	3	0
1042	0x13540	0x3043c	3	0
1043	0x1354d	0x30b70	3	0
1044	0x13559	0x30b74	3	0
1045	0x13565	0x30650	3	0
1046	0x1356e	0x30525	3	0
1047	0x13581	0x30650	3	0
1048	0x13586	0x30b76	3	0
1049	0x13592	0x30b7b	3	0
1050	0x135a7	0x30474	3	0
1051	0x135af	0x30474	3	0
1052	0x135b3	0x30b7e	3	0
1053	0x135b9	0x30474	3	0
1054	0x135c4	0x30474	3	0
1055	0x135cb	0x207d0	3	0
1056	0x135d2	0x304b9	3	0
1057	0x135dc	0x207d0	3	0
1058	0x135e0	0x30b8a	3	0
1059	0x135e7	0x2027c	3	0
1060	0x135f3	0x30b92	3	0
1061	0x1360f	0x207d0	3	0
1062	0x13617	0x207d0	3	0
1063	0x13623	0x207d0	3	0
1064	0x13629	0x207d0	3	0
1065	0x1362e	0x30b96	3	0
1066	0x1363b	0x3052c	3	0
1067	0x13641	0x304a5	3	0
1068	0x1364a	0x2027c	3	0
1069	0x13655	0x3052c	3	0
1070	0x13670	0x20204	3	0
1071	0x1369e	0x300d6	3	0
1072	0x136a6	0x30b9b	3	0
1073	0x136b7	0x30ba3	3	0
1074	0x136be	0x30bab	3	0
1075	0x136cf	0x30bb5	3	0
1076	0x13710	0x30bbf	3	0
1077	0x137ba	0x30bc1	3	0
1078	0x137e9	0x30bc3	3	0
1079	0x1380e	0x30be2	3	0
1080	0x1383a	0x30be4	3	0
1081	0x13840	0x30be4	3	0
1082	0x1384c	0x30be4	3	0
1083	0x13904	0x20280	3	0
1084	0x13916	0x2022c	3	0
1085	0x13925	0x2022c	3	0
1086	0x13933	0x2022c	3	0
1087	0x1394a	0x30c07	3	0
1088	0x13976	0x2022c	3	0
1089	0x13982	0x2022c	3	0
1090	0x139af	0x20204	3	0
1091	0x139bb	0x30c0c	3	0
1092	0x139dc	0x2022c	3	0
1093	0x139f0	0x2022c	3	0
1094	0x139ff	0x30c10	3	0
1095	0x13a8d	0x30c16	3	0
1096	0x13aa4	0x30c1c	3	0
1097	0x13acb	0x305fc	3	0
1098	0x13ad4	0x305fc	3	0
1099	0x13ada	0x304aa	3	0
1100	0x13afa	0x30434	3	0
1101	0x13b2e	0x30600	3	0
1102	0x13b37	0x30600	3	0
1103	0x13b6e	0x300e4	3	0
1104	0x13b83	0x30c22	3	0
1105	0x13c1b	0x300e4	3	0
1106	0x13c23	0x300e4	3	0
1107	0x13c2a	0x300e0	3	0
1108	0x13c35	0x30c29	3	0
1109	0x13c3c	0x30c2b	3	0
1110	0x13c42	0x300e4	3	0
1111	0x13c48	0x300e4	3	0
1112	0x13c51	0x300e0	3	0
1113	0x13c70	0x300e4	3	0
1114	0x13c78	0x300e4	3	0
1115	0x13c7f	0x300e0	3	0
1116	0x13c85	0x300e0	3	0
1117	0x13ca3	0x209d0	3	0
1118	0x13cac	0x30c35	3	0
1119	0x13cb8	0x30430	3	0
1120	0x13cca	0x30c2d	3	0
1121	0x13cd4	0x30984	3	0
1122	0x13ce4	0x30c2d	3	0
1123	0x13cfd	0x30c3a	3	0
1124	0x13d09	0x30584	3	0
1125	0x13d11	0x30430	3	0
1126	0x13d16	0x30484	3	0
1127	0x13d1b	0x30c3d	3	0
1128	0x13d21	0x30584	3	0
1129	0x13d30	0x30584	3	0
1130	0x13d40	0x30430	3	0
1131	0x13d4c	0x305f4	3	0
1132	0x13d54	0x30c41	3	0
1133	0x13d60	0x305f4	3	0
1134	0x13d6b	0x209d0	3	0
1135	0x13d72	0x205d0	3	0
1136	0x13d7d	0x205d0	3	0
1137	0x13d83	0x205d0	3	0
1138	0x13d88	0x30c44	3	0
1139	0x13d95	0x3052c	3	0
1140	0x13d9b	0x30530	3	0
1141	0x13da2	0x30530	3	0
1142	0x13dc9	0x30536	3	0
1143	0x13dde	0x304a1	3	0
1144	0x13de7	0x304a6	3	0
1145	0x13df3	0x304cd	3	0
1146	0x13dfa	0x209d0	3	0
1147	0x13e04	0x30630	3	0
1148	0x13e0a	0x30470	3	0
1149	0x13e13	0x30470	3	0
1150	0x13e17	0x30c49	3	0
1151	0x13e1d	0x30470	3	0
1152	0x13e28	0x30470	3	0
1153	0x13e38	0x30c52	3	0
1154	0x13e3e	0x30434	3	0
1155	0x13e59	0x30484	3	0
1156	0x13e6e	0x304c1	3	0
1157	0x13e76	0x30c53	3	0
1158	0x13e86	0x304c2	3	0
1159	0x13e8e	0x30c57	3	0
1160	0x13e97	0x20304	3	0
1161	0x13ea4	0x30980	3	0
1162	0x13eae	0x30434	3	0
1163	0x13ebf	0x30434	3	0
1164	0x13ec6	0x30c5f	3	0
1165	0x13ecc	0x30434	3	0
1166	0x13ee0	0x305b4	3	0
1167	0x13ee9	0x305b0	3	0
1168	0x13ef2	0x305b0	3	0
1169	0x13ef8	0x30c61	3	0
1170	0x13efe	0x305b4	3	0
1171	0x13f03	0x305ec	3	0
1172	0x13f10	0x305b4	3	0
1173	0x13f25	0x30600	3	0
1174	0x13f31	0x305ac	3	0
1175	0x13f3d	0x305b4	3	0
1176	0x13f46	0x305b4	3	0
1177	0x13f53	0x30c65	3	0
1178	0x13f5f	0x209d0	3	0
1179	0x13f66	0x205d0	3	0
1180	0x13f71	0x205d0	3	0
1181	0x13f77	0x30470	3	0
1182	0x13f7c	0x30c69	3	0
1183	0x13f89	0x3052c	3	0
1184	0x13f93	0x30600	3	0
1185	0x13f9b	0x30600	3	0
1186	0x13fa8	0x305b4	3	0
1187	0x13fad	0x305ac	3	0
1188	0x13fb2	0x305bc	3	0
1189	0x13fb7	0x305a4	3	0
1190	0x13fc1	0x3052c	3	0
1191	0x13fc7	0x30530	3	0
1192	0x13fce	0x30530	3	0
1193	0x13fe2	0x30c6e	3	0
1194	0x13ff3	0x30c70	3	0
1195	0x13ff8	0x30c72	3	0
1196	0x14041	0x30980	3	0
1197	0x14048	0x20304	3	0
1198	0x1404e	0x30980	3	0
1199	0x3096c	0x30940	3	0
1200	0x30974	0x30956	3	0
1201	0x30984	0x30960	3	0
1202	0x30988	0x30964	3	0
1203	0x30f50	0x30c80	3	0
1204	0x30f54	0x30c92	3	0
1205	0x30f58	0x3053d	3	0
1206	0x30f60	0x10610	3	0
1207	0x30f64	0x30c94	3	0
1208	0x30f68	0x30618	3	0
1209	0x30f70	0x126fe	3	0
1210	0x30f74	0x30c97	3	0
1211	0x30f78	0x30542	3	0
1212	0x30f80	0x10610	3	0
1213	0x30f84	0x30c99	3	0
1214	0x30f88	0x3053c	3	0
1215	0x30f90	0x12042	3	0
1216	0x30f94	0x30c9b	3	0
1217	0x30f98	0x30544	3	0
1218	0x30fa0	0x10610	3	0
1219	0x30fa4	0x30c9d	3	0
1220	0x30fa8	0x30547	3	0
1221	0x30fb0	0x10610	3	0
1222	0x30fb4	0x30c9f	3	0
1223	0x30fb8	0x30543	3	0
1224	0x30fc0	0x10610	3	0
1225	0x30fc4	0x30ca1	3	0
1226	0x30fc8	0x3053f	3	0
1227	0x30fd0	0x10610	3	0
1228	0x30fd4	0x30ca3	3	0
1229	0x30fd8	0x3053e	3	0
1230	0x30fe0	0x10610	3	0
1231	0x30fe4	0x30ca5	3	0
1232	0x30fe8	0x3054b	3	0
1233	0x30ff0	0x10663	3	0
1234	0x30ff4	0x30ca7	3	0
1235	0x30ff8	0x3054c	3	0
1236	0x31000	0x10610	3	0
1237	0x31004	0x30ca9	3	0
1238	0x31008	0x3054a	3	0
1239	0x31010	0x10610	3	0
1240	0x31014	0x30cab	3	0
1241	0x31018	0x30549	3	0
1242	0x31020	0x10610	3	0
1243	0x31024	0x30cad	3	0
1244	0x31028	0x30541	3	0
1245	0x31030	0x12146	3	0
1246	0x31034	0x30caf	3	0
1247	0x31038	0x30540	3	0
1248	0x31040	0x12114	3	0
1249	0x31044	0x30cb1	3	0
1250	0x31048	0x30548	3	0
1251	0x31050	0x10610	3	0
1252	0x31054	0x30cb3	3	0
1253	0x31058	0x30545	3	0
1254	0x31060	0x10610	3	0
1255	0x31064	0x30cb5	3	0
1256	0x31070	0x120b9	3	0
1257	0x31074	0x30cb7	3	0
1258	0x31078	0x3054b	3	0
1259	0x31080	0x10610	3	0
1260	0x31094	0x30cb9	3	0
1261	0x310a0	0x127d4	3	0
1262	0x310a4	0x30cbb	3	0
1263	0x310b0	0x127ef	3	0
1264	0x310b4	0x30cbd	3	0
1265	0x310c0	0x127e6	3	0
1266	0x310c4	0x30cbf	3	0
1267	0x310d0	0x127dd	3	0
1268	0x310d4	0x30cc1	3	0
1269	0x310e0	0x127c9	3	0
1270	0x310e4	0x30cc3	3	0
1271	0x310f0	0x127c0	3	0
1272	0x310f4	0x30cc5	3	0
1273	0x31100	0x1283f	3	0
1274	0x31104	0x30cc7	3	0
1275	0x31110	0x1282d	3	0
1276	0x31114	0x30cc9	3	0
1277	0x31120	0x12836	3	0
1278	0x31124	0x30ccb	3	0
1279	0x31130	0x1280c	3	0
1280	0x31134	0x30ccd	3	0
1281	0x31140	0x12815	3	0
1282	0x31144	0x30ccf	3	0
1283	0x31150	0x127f8	3	0
1284	0x31154	0x30cd1	3	0
1285	0x31160	0x12895	3	0
1286	0x31164	0x30cd3	3	0
1287	0x31170	0x1285a	3	0
1288	0x31184	0x30cd5	3	0
1289	0x31188	0x304c7	3	0
1290	0x31190	0x105f4	3	0
1291	0x31194	0x30cd7	3	0
1292	0x311a0	0x127d4	3	0
1293	0x311a4	0x30cd9	3	0
1294	0x311b0	0x1285a	3	0
1295	0x311b4	0x30cdb	3	0
1296	0x311b8	0x304bf	3	0
1297	0x311c0	0x105f4	3	0
1298	0x311c4	0x30cdd	3	0
1299	0x311c8	0x304c6	3	0
1300	0x311d0	0x105f4	3	0
1301	0x311d4	0x30cdf	3	0
1302	0x311e0	0x127ef	3	0
1303	0x311e4	0x30ce1	3	0
1304	0x311f0	0x127e6	3	0
1305	0x311f4	0x30ce3	3	0
1306	0x31200	0x127dd	3	0
1307	0x31204	0x30ce5	3	0
1308	0x31210	0x127c9	3	0
1309	0x31214	0x30ce7	3	0
1310	0x31218	0x300a0	3	0
1311	0x31220	0x1058b	3	0
1312	0x31224	0x30ce9	3	0
1313	0x31228	0x3009c	3	0
1314	0x31230	0x1229d	3	0
1315	0x31234	0x30ceb	3	0
1316	0x31238	0x3009c	3	0
1317	0x31240	0x1229d	3	0
1318	0x31254	0x30ced	3	0
1319	0x31258	0x3009c	3	0
1320	0x31260	0x1229d	3	0
1321	0x31264	0x30cef	3	0
1322	0x31268	0x3009c	3	0
1323	0x31270	0x1229d	3	0
1324	0x31274	0x30cf1	3	0
1325	0x31278	0x304be	3	0
1326	0x31280	0x121cb	3	0
1327	0x31284	0x30cf3	3	0
1328	0x31288	0x300d0	3	0
1329	0x31290	0x121a8	3	0
1330	0x31294	0x30cf5	3	0
1331	0x31298	0x304c3	3	0
1332	0x312a0	0x10602	3	0
1333	0x312a4	0x30cf7	3	0
1334	0x312a8	0x304c6	3	0
1335	0x312b0	0x105f4	3	0
1336	0x312b4	0x30cf9	3	0
1337	0x312b8	0x304bb	3	0
1338	0x312c0	0x105f4	3	0
1339	0x312c4	0x30cfb	3	0
1340	0x312c8	0x304ba	3	0
1341	0x312d0	0x105f4	3	0
1342	0x312d4	0x30cfd	3	0
1343	0x312d8	0x300ce	3	0
1344	0x312e0	0x12185	3	0
1345	0x312e4	0x30cff	3	0
1346	0x312e8	0x304c3	3	0
1347	0x312f0	0x105f4	3	0
1348	0x312f4	0x30d01	3	0
1349	0x312f8	0x304c5	3	0
1350	0x31300	0x12207	3	0
1351	0x31304	0x30d03	3	0
1352	0x31308	0x300d2	3	0
1353	0x31310	0x121e4	3	0
1354	0x31314	0x30d05	3	0
1355	0x31318	0x304ce	3	0
1356	0x31320	0x105f4	3	0
1357	0x31334	0x30d07	3	0
1358	0x31338	0x304bf	3	0
1359	0x31340	0x10602	3	0
1360	0x31344	0x30d09	3	0
1361	0x31348	0x304c4	3	0
1362	0x31350	0x105f4	3	0
1363	0x31354	0x30d0b	3	0
1364	0x31358	0x304c2	3	0
1365	0x31360	0x105f4	3	0
1366	0x31364	0x30d0d	3	0
1367	0x31368	0x304bd	3	0
1368	0x31370	0x105f4	3	0
1369	0x31374	0x30d0f	3	0
1370	0x31378	0x304bf	3	0
1371	0x31380	0x105f4	3	0
1372	0x31384	0x30d11	3	0
1373	0x31388	0x304c0	3	0
1374	0x31390	0x105f4	3	0
1375	0x31394	0x30d13	3	0
1376	0x31398	0x300d3	3	0
1377	0x313a0	0x105f4	3	0
1378	0x313a4	0x30d15	3	0
1379	0x313a8	0x304c1	3	0
1380	0x313b0	0x105f4	3	0
1381	0x313b4	0x30d17	3	0
1382	0x313b8	0x304cb	3	0
1383	0x313c0	0x105f4	3	0
1384	0x313c4	0x30d19	3	0
1385	0x313c8	0x30520	3	0
1386	0x313d0	0x129ad	3	0
1387	0x313d4	0x30d1b	3	0
1388	0x313d8	0x304cc	3	0
1389	0x313e0	0x105f4	3	0
1390	0x313e4	0x30d1d	3	0
1391	0x313e8	0x304bc	3	0
1392	0x313f0	0x105f4	3	0
1393	0x31404	0x30d1f	3	0
1394	0x31408	0x30134	3	0
1395	0x31414	0x30d24	3	0
1396	0x31418	0x30148	3	0
1397	0x31424	0x30d29	3	0
1398	0x31428	0x30434	3	0
1399	0x31434	0x30d2d	3	0
1400	0x31438	0x30440	3	0
1401	0x31444	0x30d33	3	0
1402	0x31448	0x30634	3	0
1403	0x31454	0x30d38	3	0
1404	0x31458	0x30988	3	0
1405	0x31464	0x30d3c	3	0
1406	0x31468	0x301d4	3	0
1407	0x31474	0x30d40	3	0
1408	0x31478	0x305f0	3	0
1409	0x31484	0x30d45	3	0
1410	0x31488	0x300c0	3	0
1411	0x31494	0x30d48	3	0
1412	0x31498	0x31094	3	0
1413	0x314a0	0x10446	3	0
1414	0x314a4	0x30d4c	3	0
1415	0x314a8	0x300cf	3	0
1416	0x314b0	0x105f4	3	0
1417	0x314b4	0x30d53	3	0
1418	0x314b8	0x30460	3	0
1419	0x314c0	0x104d7	3	0
1420	0x314c4	0x30d58	3	0
1421	0x314c8	0x30464	3	0
1422	0x314d0	0x104d7	3	0
1423	0x314d4	0x30d5d	3	0
1424	0x314d8	0x30468	3	0
1425	0x314e0	0x104d7	3	0
1426	0x314e4	0x30d62	3	0
1427	0x314e8	0x3043c	3	0
1428	0x314f0	0x104d7	3	0
1429	0x314f4	0x30d67	3	0
1430	0x314f8	0x30470	3	0
1431	0x31500	0x104d7	3	0
1432	0x31504	0x30d6c	3	0
1433	0x31508	0x304a6	3	0
1434	0x31510	0x105f4	3	0
1435	0x31514	0x30d70	3	0
1436	0x31518	0x30539	3	0
1437	0x31520	0x105f4	3	0
1438	0x31524	0x30d74	3	0
1439	0x31528	0x304a5	3	0
1440	0x31530	0x105f4	3	0
1441	0x31534	0x30d78	3	0
1442	0x31538	0x30474	3	0
1443	0x31540	0x104d7	3	0
1444	0x31544	0x30d7d	3	0
1445	0x31548	0x30614	3	0
1446	0x31550	0x1058b	3	0
1447	0x31554	0x30d82	3	0
1448	0x31558	0x30538	3	0
1449	0x31560	0x105f4	3	0
1450	0x31564	0x30d86	3	0
1451	0x31568	0x3046c	3	0
1452	0x31570	0x104d7	3	0
1453	0x31574	0x30d8b	3	0
1454	0x31578	0x304a1	3	0
1455	0x31580	0x105f4	3	0
1456	0x31584	0x30d8f	3	0
1457	0x31588	0x30138	3	0
1458	0x31590	0x104d7	3	0
1459	0x31594	0x30d94	3	0
1460	0x31598	0x30148	3	0
1461	0x315a0	0x104d7	3	0
1462	0x315a4	0x30d99	3	0
1463	0x315a8	0x304b5	3	0
1464	0x315b0	0x105f4	3	0
1465	0x315b4	0x30d9c	3	0
1466	0x315c0	0x12971	3	0
1467	0x315c4	0x30da1	3	0
1468	0x315d0	0x126bd	3	0
1469	0x315d4	0x30da8	3	0
1470	0x315d8	0x30580	3	0
1471	0x315e0	0x105f4	3	0
1472	0x315e4	0x30dac	3	0
1473	0x315e8	0x30584	3	0
1474	0x315f0	0x104d7	3	0
1475	0x315f4	0x30db1	3	0
1476	0x315f8	0x3057a	3	0
1477	0x31600	0x105f4	3	0
1478	0x31604	0x30db5	3	0
1479	0x31608	0x3057c	3	0
1480	0x31610	0x104d7	3	0
1481	0x31614	0x30dba	3	0
1482	0x31618	0x30588	3	0
1483	0x31620	0x105f4	3	0
1484	0x31624	0x30dbe	3	0
1485	0x31628	0x3058c	3	0
1486	0x31630	0x104d7	3	0
1487	0x31634	0x30dc3	3	0
1488	0x31638	0x305a0	3	0
1489	0x31640	0x105f4	3	0
1490	0x31644	0x30dc7	3	0
1491	0x31648	0x305a4	3	0
1492	0x31650	0x104d7	3	0
1493	0x31654	0x30dcc	3	0
1494	0x31658	0x30590	3	0
1495	0x31660	0x105f4	3	0
1496	0x31664	0x30dd0	3	0
1497	0x31668	0x30594	3	0
1498	0x31670	0x104d7	3	0
1499	0x31674	0x30dd5	3	0
1500	0x31678	0x30598	3	0
1501	0x31680	0x105f4	3	0
1502	0x31684	0x30dd9	3	0
1503	0x31688	0x3059c	3	0
1504	0x31690	0x104d7	3	0
1505	0x31694	0x30dde	3	0
1506	0x31698	0x305a8	3	0
1507	0x316a0	0x105f4	3	0
1508	0x316a4	0x30de2	3	0
1509	0x316a8	0x305ac	3	0
1510	0x316b0	0x104d7	3	0
1511	0x316b4	0x30de7	3	0
1512	0x316b8	0x305bc	3	0
1513	0x316c0	0x104d7	3	0
1514	0x316c4	0x30dec	3	0
1515	0x316c8	0x305c0	3	0
1516	0x316d0	0x104d7	3	0
1517	0x316d4	0x30df1	3	0
1518	0x316d8	0x305c4	3	0
1519	0x316e0	0x104d7	3	0
1520	0x316e4	0x30df6	3	0
1521	0x316e8	0x305b8	3	0
1522	0x316f0	0x105f4	3	0
1523	0x316f4	0x30dfa	3	0
1524	0x316f8	0x305f4	3	0
1525	0x31700	0x104d7	3	0
1526	0x31704	0x30dff	3	0
1527	0x31708	0x30430	3	0
1528	0x31710	0x104d7	3	0
1529	0x31714	0x30e04	3	0
1530	0x31720	0x1368f	3	0
1531	0x31724	0x30e0a	3	0
1532	0x31730	0x1368f	3	0
1533	0x31734	0x30e0d	3	0
1534	0x31738	0x302c8	3	0
1535	0x31740	0x10524	3	0
1536	0x31744	0x30e11	3	0
1537	0x31748	0x30540	3	0
1538	0x31750	0x12114	3	0
1539	0x31754	0x30e14	3	0
1540	0x31758	0x30542	3	0
1541	0x31760	0x10663	3	0
1542	0x31764	0x30e19	3	0
1543	0x31768	0x30547	3	0
1544	0x31770	0x10663	3	0
1545	0x31774	0x30e1e	3	0
1546	0x31778	0x3054c	3	0
1547	0x31780	0x10663	3	0
1548	0x31784	0x30e23	3	0
1549	0x31788	0x30548	3	0
1550	0x31790	0x10663	3	0
1551	0x31794	0x30e28	3	0
1552	0x31798	0x30f54	3	0
1553	0x317a0	0x10446	3	0
1554	0x317a4	0x30e2c	3	0
1555	0x317a8	0x30498	3	0
1556	0x317b0	0x1058b	3	0
1557	0x317b4	0x30e31	3	0
1558	0x317b8	0x3049c	3	0
1559	0x317c0	0x1058b	3	0
1560	0x317c4	0x30e36	3	0
1561	0x317c8	0x30478	3	0
1562	0x317d0	0x104d7	3	0
1563	0x317d4	0x30e3b	3	0
1564	0x317d8	0x3047c	3	0
1565	0x317e0	0x104d7	3	0
1566	0x317e4	0x30e40	3	0
1567	0x317e8	0x30480	3	0
1568	0x317f0	0x104d7	3	0
1569	0x317f4	0x30e44	3	0
1570	0x317f8	0x31334	3	0
1571	0x31800	0x10446	3	0
1572	0x31804	0x30e48	3	0
1573	0x31808	0x304aa	3	0
1574	0x31810	0x1028c	3	0
1575	0x31814	0x30e4e	3	0
1576	0x31818	0x305b0	3	0
1577	0x31820	0x105f4	3	0
1578	0x31824	0x30e52	3	0
1579	0x31828	0x305b4	3	0
1580	0x31830	0x104d7	3	0
1581	0x31834	0x30e57	3	0
1582	0x31838	0x30579	3	0
1583	0x31840	0x105f4	3	0
1584	0x31844	0x30e5a	3	0
1585	0x31848	0x304c5	3	0
1586	0x31850	0x105f4	3	0
1587	0x31854	0x30e5f	3	0
1588	0x31858	0x300c9	3	0
1589	0x31860	0x105f4	3	0
1590	0x31864	0x30e62	3	0
1591	0x31868	0x301d8	3	0
1592	0x31870	0x10524	3	0
1593	0x31874	0x30e66	3	0
1594	0x31878	0x304a8	3	0
1595	0x31880	0x105f4	3	0
1596	0x31884	0x30e6a	3	0
1597	0x31888	0x30536	3	0
1598	0x31890	0x105f4	3	0
1599	0x31894	0x30e6d	3	0
1600	0x31898	0x30535	3	0
1601	0x318a0	0x12243	3	0
1602	0x318a4	0x30e71	3	0
1603	0x318a8	0x30438	3	0
1604	0x318b0	0x104d7	3	0
1605	0x318b4	0x30e74	3	0
1606	0x318b8	0x304a3	3	0
1607	0x318c0	0x105f4	3	0
1608	0x318c4	0x30e78	3	0
1609	0x318c8	0x304b0	3	0
1610	0x318d0	0x1058b	3	0
1611	0x318d4	0x30e7c	3	0
1612	0x318d8	0x31254	3	0
1613	0x318e0	0x10446	3	0
1614	0x318e4	0x30e80	3	0
1615	0x318e8	0x304a4	3	0
1616	0x318f0	0x105f4	3	0
1617	0x318f4	0x30e83	3	0
1618	0x318f8	0x304c3	3	0
1619	0x31900	0x105f4	3	0
1620	0x31904	0x30e86	3	0
1621	0x31908	0x30578	3	0
1622	0x31910	0x105f4	3	0
1623	0x31914	0x30e89	3	0
1624	0x31920	0x1400c	3	0
1625	0x31924	0x30e8e	3	0
1626	0x31930	0x12559	3	0
1627	0x31934	0x30e92	3	0
1628	0x31938	0x300dd	3	0
1629	0x31940	0x124e9	3	0
1630	0x31944	0x30e96	3	0
1631	0x31948	0x300df	3	0
1632	0x31950	0x12521	3	0
1633	0x31954	0x30e9a	3	0
1634	0x31958	0x31184	3	0
1635	0x31960	0x10446	3	0
1636	0x31964	0x30e9e	3	0
1637	0x31968	0x30444	3	0
1638	0x31970	0x104d7	3	0
1639	0x31974	0x30ea3	3	0
1640	0x31978	0x30450	3	0
1641	0x31980	0x104d7	3	0
1642	0x31984	0x30ea8	3	0
1643	0x31988	0x30537	3	0
1644	0x31990	0x12250	3	0
1645	0x31994	0x30eab	3	0
1646	0x31998	0x3062c	3	0
1647	0x319a0	0x105f4	3	0
1648	0x319a4	0x30eb5	3	0
1649	0x319a8	0x304be	3	0
1650	0x319b0	0x121cb	3	0
1651	0x319b4	0x30eba	3	0
1652	0x319b8	0x304ae	3	0
1653	0x319c0	0x105f4	3	0
1654	0x319c4	0x30ec0	3	0
1655	0x319c8	0x304af	3	0
1656	0x319d0	0x105f4	3	0
1657	0x319d4	0x30ec6	3	0
1658	0x319d8	0x30529	3	0
1659	0x319e0	0x105f4	3	0
1660	0x319e4	0x30ece	3	0
1661	0x319e8	0x304b0	3	0
1662	0x319f0	0x1058b	3	0
1663	0x319f4	0x30ed3	3	0
1664	0x319f8	0x305f4	3	0
1665	0x31a00	0x104d7	3	0
1666	0x31a04	0x30ed7	3	0
1667	0x31a08	0x30430	3	0
1668	0x31a10	0x104d7	3	0
1669	0x31a14	0x30edb	3	0
1670	0x31a18	0x30434	3	0
1671	0x31a20	0x13dc0	3	0
1672	0x31a24	0x30ee0	3	0
1673	0x31a28	0x30434	3	0
1674	0x31a30	0x10b19	3	0
1675	0x31a34	0x30ee5	3	0
1676	0x31a38	0x30250	3	0
1677	0x31a40	0x10524	3	0
1678	0x31a44	0x30ee9	3	0
1679	0x31a48	0x30494	3	0
1680	0x31a50	0x105f4	3	0
1681	0x31a54	0x30eed	3	0
1682	0x31a58	0x30490	3	0
1683	0x31a60	0x1058b	3	0
1684	0x31a64	0x30ef1	3	0
1685	0x31a68	0x30490	3	0
1686	0x31a70	0x10602	3	0
1687	0x31a74	0x30ef4	3	0
1688	0x31a78	0x304b6	3	0
1689	0x31a80	0x105f4	3	0
1690	0x31a84	0x30ef7	3	0
1691	0x31a88	0x304a6	3	0
1692	0x31a90	0x105f4	3	0
1693	0x31a94	0x30efa	3	0
1694	0x31a98	0x304b9	3	0
1695	0x31aa0	0x105f4	3	0
1696	0x31aa4	0x30f02	3	0
1697	0x31aa8	0x304b4	3	0
1698	0x31ab0	0x105f4	3	0
1699	0x31ab4	0x30f05	3	0
1700	0x31ab8	0x304a1	3	0
1701	0x31ac0	0x105f4	3	0
1702	0x31ac4	0x30f08	3	0
1703	0x31ac8	0x304a5	3	0
1704	0x31ad0	0x105f4	3	0
1705	0x31ad4	0x30f0b	3	0
1706	0x31ad8	0x30620	3	0
1707	0x31ae0	0x104d7	3	0
1708	0x31ae4	0x30f10	3	0
1709	0x31ae8	0x30624	3	0
1710	0x31af0	0x104d7	3	0
1711	0x31af4	0x30f15	3	0
1712	0x31af8	0x30628	3	0
1713	0x31b00	0x104d7	3	0
1714	0x31b04	0x30f1a	3	0
1715	0x31b08	0x30542	3	0
1716	0x31b10	0x10663	3	0
1717	0x31b14	0x30f21	3	0
1718	0x31b18	0x30588	3	0
1719	0x31b20	0x105f4	3	0
1720	0x31b24	0x30f29	3	0
1721	0x31b28	0x30970	3	0
1722	0x31b30	0x105f4	3	0
1723	0x31b34	0x30f2e	3	0
1724	0x31b38	0x20224	3	0
1725	0x31b40	0x10602	3	0
1726	0x31b44	0x30f31	3	0
1727	0x31b48	0x30434	3	0
1728	0x31b50	0x10b19	3	0
1729	0x31b54	0x30f35	3	0
1730	0x31b58	0x30434	3	0
1731	0x31b60	0x13dc0	3	0
1732	0x31b64	0x30f3b	3	0
1733	0x31b68	0x30434	3	0
1734	0x31b70	0x11800	3	0
1735	0x31b74	0x30f41	3	0
1736	0x31b78	0x30650	3	0
1737	0x31b80	0x11fda	3	0
1738	0x31b84	0x30f47	3	0
1739	0x31b88	0x303b8	3	0
1740	0x31b90	0x1200c	3	0
1741	0x31b94	0x30f4d	3	0
1742	0x31b98	0x30434	3	0
1743	0x31ba0	0x11800	3	0
1744	0x1409c	0x31bc0	3	0
1745	0x140a6	0x31bc4	3	0
1746	0x140c2	0x4003c	3	0
1747	0x140c8	0x40040	3	0
1748	0x14106	0x31be8	3	0
1749	0x1410e	0x31bc0	3	0
1750	0x14118	0x31bc4	3	0
1751	0x1416a	0x31bec	3	0
1752	0x1417e	0x40044	3	0
1753	0x14195	0x31c2c	3	0
1754	0x141a4	0x31c30	3	0
1755	0x141b3	0x31c34	3	0
1756	0x141bc	0x31c2c	3	0
1757	0x141c2	0x31bec	3	0
1758	0x141e8	0x31bec	3	0
1759	0x141ff	0x31bec	3	0
1760	0x1420c	0x31c34	3	0
1761	0x14214	0x20ae8	3	0
1762	0x1421d	0x20ae8	3	0
1763	0x14223	0x20ae0	3	0
1764	0x1422c	0x20ae0	3	0
1765	0x14232	0x20af4	3	0
1766	0x1423b	0x20af4	3	0
1767	0x14241	0x20adc	3	0
1768	0x1424a	0x20adc	3	0
1769	0x14250	0x20af8	3	0
1770	0x14259	0x20af8	3	0
1771	0x142b4	0x31d7c	3	0
1772	0x142c0	0x20aec	3	0
1773	0x142c9	0x20aec	3	0
1774	0x142d7	0x20ad8	3	0
1775	0x142e0	0x20ad8	3	0
1776	0x142e6	0x20ad4	3	0
1777	0x142ef	0x20ad4	3	0
1778	0x142f5	0x20af0	3	0
1779	0x142fe	0x20af0	3	0
1780	0x14344	0x40048	3	0
1781	0x1434a	0x4004c	3	0
1782	0x14350	0x40050	3	0
1783	0x1435d	0x31bc4	3	0
1784	0x14364	0x31d80	3	0
1785	0x14375	0x31dca	3	0
1786	0x14387	0x31bc0	3	0
1787	0x14398	0x31d81	3	0
1788	0x1439d	0x31bc0	3	0
1789	0x143b6	0x31bc0	3	0
1790	0x143c6	0x31bc0	3	0
1791	0x143e1	0x31be8	3	0
1792	0x143f0	0x31be8	3	0
1793	0x14404	0x31bec	3	0
1794	0x14476	0x31bec	3	0
1795	0x1447c	0x31bec	3	0
1796	0x1448a	0x31bc0	3	0
1797	0x14494	0x31bc4	3	0
1798	0x144b6	0x40054	3	0
1799	0x144bc	0x40058	3	0
1800	0x144c4	0x31be8	3	0
1801	0x144cc	0x31bec	3	0
1802	0x144d6	0x31be8	3	0
1803	0x144e3	0x31c2c	3	0
1804	0x144ed	0x31be8	3	0
1805	0x1450c	0x31be8	3	0
1806	0x14518	0x31c2c	3	0
1807	0x14562	0x31bc0	3	0
1808	0x1456c	0x31bc4	3	0
1809	0x14588	0x31be8	3	0
1810	0x14590	0x31bec	3	0
1811	0x1459d	0x31c2c	3	0
1812	0x145e6	0x31bc0	3	0
1813	0x145f0	0x31bc4	3	0
1814	0x14608	0x31be8	3	0
1815	0x14610	0x31bec	3	0
1816	0x1461a	0x31c2c	3	0
1817	0x14622	0x31bc0	3	0
1818	0x1462c	0x31bc4	3	0
1819	0x146ab	0x31bc0	3	0
1820	0x146b5	0x31bc4	3	0
1821	0x146d3	0x31bec	3	0
1822	0x146e2	0x4005c	3	0
1823	0x14746	0x31bc0	3	0
1824	0x1474f	0x31bc0	3	0
1825	0x1476e	0x31bc0	3	0
1826	0x14777	0x31bc0	3	0
1827	0x14792	0x31bc0	3	0
1828	0x1479e	0x31bc0	3	0
1829	0x147c8	0x40060	3	0
1830	0x14821	0x30930	3	0
1831	0x1489c	0x31bc0	3	0
1832	0x148bb	0x31bc0	3	0
1833	0x148c5	0x31bc4	3	0
1834	0x1497d	0x31bc0	3	0
1835	0x14999	0x31bc8	3	0
1836	0x14a1d	0x31bec	3	0
1837	0x14a47	0x31bc4	3	0
1838	0x14aa2	0x31bec	3	0
1839	0x14aaf	0x31bec	3	0
1840	0x14ade	0x40064	3	0
1841	0x14ae4	0x40068	3	0
1842	0x14b11	0x31be8	3	0
1843	0x14bb2	0x31bc4	3	0
1844	0x14bbb	0x31bc0	3	0
1845	0x14c22	0x31bc0	3	0
1846	0x14c45	0x31be8	3	0
1847	0x14c4d	0x31bc0	3	0
1848	0x14c57	0x31bc4	3	0
1849	0x14ca6	0x31bec	3	0
1850	0x14cba	0x4006c	3	0
1851	0x14cfa	0x31d74	3	0
1852	0x14d14	0x31d74	3	0
1853	0x14d24	0x31d74	3	0
1854	0x14d8e	0x31d74	3	0
1855	0x14e3b	0x31d74	3	0
1856	0x14e6f	0x31d74	3	0
1857	0x14ebb	0x31d74	3	0
1858	0x14ecb	0x31d74	3	0
1859	0x14ee0	0x40070	3	0
1860	0x14ef2	0x31be8	3	0
1861	0x14efa	0x31bc0	3	0
1862	0x14f04	0x31bc4	3	0
1863	0x14f2b	0x31bec	3	0
1864	0x14f38	0x31bec	3	0
1865	0x14f41	0x31d2c	3	0
1866	0x14f4d	0x31d2c	3	0
1867	0x14f5d	0x31d2c	3	0
1868	0x14f74	0x31c2c	3	0
1869	0x14fa0	0x31bc0	3	0
1870	0x14fa9	0x31bc4	3	0
1871	0x14fc9	0x31bec	3	0
1872	0x14fde	0x31bec	3	0
1873	0x14fea	0x31bec	3	0
1874	0x1508e	0x31bec	3	0
1875	0x150a7	0x31d2c	3	0
1876	0x150f7	0x31bec	3	0
1877	0x15100	0x31bec	3	0
1878	0x15126	0x40074	3	0
1879	0x15137	0x31be8	3	0
1880	0x1513f	0x31bec	3	0
1881	0x15148	0x31bec	3	0
1882	0x15162	0x31bec	3	0
1883	0x15174	0x31bec	3	0
1884	0x15190	0x31bc0	3	0
1885	0x1519c	0x31bc0	3	0
1886	0x151db	0x31dd1	3	0
1887	0x151f4	0x31dd1	3	0
1888	0x152dc	0x40078	3	0
1889	0x152f1	0x31be8	3	0
1890	0x152f9	0x31bc0	3	0
1891	0x15303	0x31bc4	3	0
1892	0x1532e	0x31bec	3	0
1893	0x15343	0x31bec	3	0
1894	0x153e1	0x31c2c	3	0
1895	0x15442	0x31c2c	3	0
1896	0x15480	0x31bc0	3	0
1897	0x1548c	0x31bc4	3	0
1898	0x154ad	0x31bec	3	0
1899	0x154c2	0x31bc0	3	0
1900	0x154e2	0x4007c	3	0
1901	0x154fc	0x304a6	3	0
1902	0x15673	0x31f00	3	0
1903	0x156a7	0x31efc	3	0
1904	0x156b5	0x31efc	3	0
1905	0x156d6	0x20150	3	0
1906	0x156e9	0x31f10	3	0
1907	0x15709	0x31f2a	3	0
1908	0x15739	0x31efc	3	0
1909	0x15747	0x31efc	3	0
1910	0x15768	0x201d0	3	0
1911	0x1577b	0x31f2c	3	0
1912	0x157a4	0x31f48	3	0
1913	0x157b3	0x304a8	3	0
1914	0x31ef4	0x31ee0	3	0
1915	0x158d5	0x32244	3	0
1916	0x158dd	0x32234	3	0
1917	0x158fb	0x32244	3	0
1918	0x15903	0x32234	3	0
1919	0x15938	0x20b04	3	0
1920	0x15942	0x20b00	3	0
1921	0x1594c	0x31bcc	3	0
1922	0x15954	0x31bd8	3	0
1923	0x15960	0x31be0	3	0
1924	0x1596f	0x31bdc	3	0
1925	0x15975	0x31bcc	3	0
1926	0x1597e	0x31bcc	3	0
1927	0x15988	0x31bd0	3	0
1928	0x1598d	0x31bcc	3	0
1929	0x1599a	0x31bd4	3	0
1930	0x00000	0x00000	0	0
1931	0x159c3	0x15b94	3	0
1932	0x159ca	0x15a1a	3	0
1933	0x00000	0x00000	0	0
1934	0x159dc	0x31d74	3	0
1935	0x159e2	0x31d70	3	0
1936	0x159e8	0x31d6c	3	0
1937	0x00000	0x00000	0	0
1938	0x15a6d	0x31bec	3	0
1939	0x15a8a	0x31c2c	3	0
1940	0x15acb	0x31f50	3	0
1941	0x31f50	0x14276	3	0
1942	0x15ad8	0x40080	3	0
1943	0x15ade	0x40084	3	0
1944	0x15ae4	0x40088	3	0
1945	0x15aea	0x4008c	3	0
1946	0x15af0	0x40090	3	0
1947	0x15b03	0x32228	3	0
1948	0x15b0c	0x32228	3	0
1949	0x15b2b	0x32198	3	0
1950	0x15b3c	0x32228	3	0
1951	0x15b4c	0x32198	3	0
1952	0x15b5d	0x3219c	3	0
1953	0x15b75	0x31c34	3	0
1954	0x3219c	0x31f60	3	0
1955	0x321a4	0x31f7a	3	0
1956	0x321ac	0x31f9f	3	0
1957	0x321b4	0x31fbe	3	0
1958	0x321bc	0x31fe8	3	0
1959	0x321c4	0x32014	3	0
1960	0x321cc	0x32035	3	0
1961	0x321d4	0x32061	3	0
1962	0x321dc	0x3208e	3	0
1963	0x321e4	0x320af	3	0
1964	0x321ec	0x320d8	3	0
1965	0x321f4	0x320fd	3	0
1966	0x321fc	0x32126	3	0
1967	0x32204	0x32159	3	0
1968	0x3220c	0x32168	3	0
1969	0x32214	0x32175	3	0
1970	0x3221c	0x32183	3	0
1971	0x32224	0x32186	3	0
1972	0x15bfa	0x15c04	3	0
1973	0x15c16	0x400d0	3	0
1974	0x15c1c	0x400d4	3	0
1975	0x15c22	0x31bd0	3	0
1976	0x15c2b	0x3224c	3	0
1977	0x15c5a	0x32238	3	0
1978	0x32230	0x3223c	3	0
1979	0x32234	0x3223c	3	0
1980	0x15c82	0x40094	3	0
1981	0x15c95	0x20020	3	0
1982	0x15ca5	0x20ae4	3	0
1983	0x15ca9	0x20020	3	0
1984	0x15cae	0x20b04	3	0
1985	0x15cb8	0x20020	3	0
1986	0x15d1b	0x31d6c	3	0
1987	0x15d21	0x31d70	3	0
1988	0x15ea8	0x40098	3	0
1989	0x15eb9	0x20b00	3	0
1990	0x15eeb	0x31d74	3	0
1991	0x15ef0	0x20b00	3	0
1992	0x16029	0x20204	3	0
1993	0x16073	0x300d6	3	0
1994	0x160cb	0x32268	3	0
1995	0x160d2	0x300f0	3	0
1996	0x160e7	0x32268	3	0
1997	0x1613f	0x20150	3	0
1998	0x16154	0x201d0	3	0
1999	0x1616b	0x3013c	3	0
2000	0x16177	0x300f0	3	0
2001	0x16182	0x3013c	3	0
2002	0x16187	0x322e8	3	0
2003	0x1618c	0x32268	3	0
2004	0x16199	0x32268	3	0
2005	0x161b6	0x20150	3	0
2006	0x161db	0x201d0	3	0
2007	0x161e8	0x300f0	3	0
2008	0x16203	0x3230c	3	0
2009	0x16215	0x3230c	3	0
2010	0x1621b	0x20134	3	0
2011	0x16226	0x20134	3	0
2012	0x16240	0x3230c	3	0
2013	0x16250	0x20134	3	0
2014	0x16260	0x3230c	3	0
2015	0x16265	0x20130	3	0
2016	0x1626c	0x20134	3	0
2017	0x16271	0x20130	3	0
2018	0x16277	0x20130	3	0
2019	0x32264	0x32250	3	0
2020	0x162b7	0x31d74	3	0
2021	0x1632e	0x30488	3	0
2022	0x16336	0x30434	3	0
2023	0x16348	0x30488	3	0
2024	0x1635e	0x30488	3	0
2025	0x16365	0x300e0	3	0
2026	0x1636e	0x300e0	3	0
2027	0x16374	0x300e4	3	0
2028	0x1637a	0x300e4	3	0
2029	0x32324	0x32310	3	0
2030	0x16413	0x32234	3	0
2031	0x16448	0x32238	3	0
2032	0x16456	0x32238	3	0
2033	0x1645f	0x32238	3	0
2034	0x164ac	0x20b10	3	0
2035	0x164cf	0x20bd0	3	0
2036	0x16507	0x3224c	3	0
2037	0x1654a	0x20b08	3	0
2038	0x16553	0x20b10	3	0
2039	0x16559	0x20b0c	3	0
2040	0x165a3	0x20b10	3	0
2041	0x165aa	0x20b0c	3	0
2042	0x165b9	0x20b08	3	0
2043	0x165cc	0x32248	3	0
2044	0x1667e	0x20b08	3	0
2045	0x16698	0x20b08	3	0
2046	0x166a4	0x20b10	3	0
2047	0x166aa	0x20b0c	3	0
2048	0x166be	0x4009c	3	0
2049	0x16728	0x32238	3	0
2050	0x16736	0x32238	3	0
2051	0x1673f	0x32238	3	0
2052	0x16780	0x32238	3	0
2053	0x16788	0x32238	3	0
2054	0x167cc	0x32240	3	0
2055	0x167d1	0x3223c	3	0
2056	0x167e1	0x32234	3	0
2057	0x167e7	0x32230	3	0
2058	0x167fa	0x32240	3	0
2059	0x1682a	0x32240	3	0
2060	0x16833	0x3223c	3	0
2061	0x1684c	0x32230	3	0
2062	0x16863	0x3223c	3	0
2063	0x16873	0x32240	3	0
2064	0x16889	0x32234	3	0
2065	0x168ad	0x32244	3	0
2066	0x168b5	0x32234	3	0
2067	0x16920	0x32238	3	0
2068	0x1692e	0x32238	3	0
2069	0x16937	0x32238	3	0
2070	0x16967	0x32230	3	0
2071	0x1696b	0x3223c	3	0
2072	0x1697e	0x32230	3	0
2073	0x16997	0x32240	3	0
2074	0x169ac	0x32230	3	0
2075	0x169ee	0x32234	3	0
2076	0x169f4	0x3223c	3	0
2077	0x16a3d	0x32238	3	0
2078	0x16a45	0x32238	3	0
2079	0x16a52	0x3223c	3	0
2080	0x16a5a	0x32230	3	0
2081	0x16a60	0x32234	3	0
2082	0x16aa9	0x32238	3	0
2083	0x16ab1	0x32238	3	0
2084	0x16ab7	0x32234	3	0
2085	0x16ac6	0x32234	3	0
2086	0x16ad4	0x32234	3	0
2087	0x16cae	0x3223c	3	0
2088	0x16cd5	0x20b08	3	0
2089	0x16cf6	0x20bc8	3	0
2090	0x16d8f	0x32234	3	0
2091	0x16d97	0x32234	3	0
2092	0x16dae	0x32238	3	0
2093	0x16db6	0x32238	3	0
2094	0x32344	0x32330	3	0
2095	0x16e93	0x31bc0	3	0
2096	0x16ed3	0x32350	3	0
2097	0x16f4b	0x32355	3	0
2098	0x16fde	0x31bc0	3	0
2099	0x170f3	0x32360	3	0
2100	0x17109	0x31be4	3	0
2101	0x17111	0x32368	3	0
2102	0x1711b	0x32370	3	0
2103	0x17147	0x3237c	3	0
2104	0x17164	0x31bc0	3	0
2105	0x171e9	0x31be4	3	0
2106	0x171f1	0x3238b	3	0
2107	0x171fb	0x32390	3	0
2108	0x17200	0x32398	3	0
2109	0x17275	0x32395	3	0
2110	0x172f0	0x32398	3	0
2111	0x17384	0x323a0	3	0
2112	0x173cd	0x32398	3	0
2113	0x3239c	0x32381	3	0
2114	0x323a0	0x32386	3	0
2115	0x17498	0x31bc0	3	0
2116	0x174a2	0x31bc4	3	0
2117	0x174d3	0x31bc0	3	0
2118	0x174dd	0x31bc4	3	0
2119	0x1758b	0x323b0	3	0
2120	0x1777f	0x31bc0	3	0
2121	0x17789	0x31bc4	3	0
2122	0x177dc	0x31be8	3	0
2123	0x177ec	0x31beb	3	0
2124	0x1782e	0x31bec	3	0
2125	0x1784f	0x31c2c	3	0
2126	0x17924	0x400a0	3	0
2127	0x1792a	0x400a4	3	0
2128	0x17930	0x400a8	3	0
2129	0x17969	0x323d0	3	0
2130	0x17aab	0x31bc0	3	0
2131	0x17ab5	0x31bc4	3	0
2132	0x17b69	0x31bc0	3	0
2133	0x17b73	0x31bc4	3	0
2134	0x17b86	0x31bc0	3	0
2135	0x17bcd	0x31bc0	3	0
2136	0x17bdb	0x31bc4	3	0
2137	0x17bf6	0x400ac	3	0
2138	0x17bfc	0x400b0	3	0
2139	0x17c71	0x323e0	3	0
2140	0x17c83	0x323e5	3	0
2141	0x17c97	0x323ea	3	0
2142	0x17ce3	0x323ef	3	0
2143	0x17cf6	0x31bc0	3	0
2144	0x17d00	0x31bc4	3	0
2145	0x17d27	0x31bc0	3	0
2146	0x17d3f	0x31dd1	3	0
2147	0x17d7d	0x323f2	3	0
2148	0x17f52	0x400b4	3	0
2149	0x17f58	0x400b8	3	0
2150	0x17f5e	0x400bc	3	0
2151	0x17f64	0x400c0	3	0
2152	0x17f6a	0x400c4	3	0
2153	0x17f92	0x324a0	3	0
2154	0x17fed	0x32418	3	0
2155	0x1800e	0x3241c	3	0
2156	0x18040	0x20140	3	0
2157	0x1804e	0x20140	3	0
2158	0x18059	0x32400	3	0
2159	0x18079	0x32420	3	0
2160	0x18098	0x32418	3	0
2161	0x180aa	0x31dd1	3	0
2162	0x180ca	0x32424	3	0
2163	0x180db	0x32424	3	0
2164	0x180e3	0x32424	3	0
2165	0x180ee	0x3241c	3	0
2166	0x18147	0x324a4	3	0
2167	0x18158	0x324a8	3	0
2168	0x32420	0x32410	3	0
2169	0x32424	0x32414	3	0
2170	0x18204	0x31bc0	3	0
2171	0x1822a	0x31bc0	3	0
2172	0x1835c	0x31bc0	3	0
2173	0x1844c	0x31bc0	3	0
2174	0x18458	0x31bc0	3	0
2175	0x184ca	0x31dd1	3	0
2176	0x1856c	0x31bc0	3	0
2177	0x18576	0x31bc4	3	0
2178	0x18597	0x31bc0	3	0
2179	0x185a5	0x31bc4	3	0
2180	0x185b8	0x31bc0	3	0
2181	0x185c2	0x31bc4	3	0
2182	0x185e0	0x400c8	3	0
2183	0x185f4	0x31dd1	3	0
2184	0x18601	0x31dd1	3	0
2185	0x18623	0x31dd1	3	0
2186	0x1863d	0x31dd1	3	0
