index	source	source_raw	start_rva	end_rva	length	functions
0	compiler_contribution_000 [_nextword, _out_of_mem, _startp2...]	c:\c6\\cmerge\	0x00010000	0x00010d98	0xd98	_nextword; _out_of_mem; _startp2; _settle_Oswitches; _dop2; _main; _real_main; _put_block; _freeblock
1	D:\nt\private\crt32\linkopts\binmode.c	D:\nt\private\crt32\linkopts\binmode.c	0x00010da0	0x00010da0	0x0	
2	compiler_contribution_002 [_bitv_init, _bvalloc, _freebv...]	c:\c6\\cmerge\	0x00010da0	0x00011708	0x968	_bitv_init; _bvalloc; _freebv; _bvnodecount; _bvextend; _bvcpy; _bvclr; _bvset; _bvany; _bvcount; _bvnext; _bvnnext; _bvcmp; _bvor; _bvand; _bvandnot; _bvnotand; _bvunion; _bvintersect; _bvunionminus; _bvunion_am; _bitscom; _bitset; _bitclr; _bittst; _prbv; _print_bitv; _prbbva
3	compiler_contribution_003 [_globalregs, _gather_gramregs_requirements, _build_allocation_ranges...]	c:\c6\\cmerge\	0x00011710	0x0001a5f4	0x8ee4	_globalregs; _gather_gramregs_requirements; _build_allocation_ranges; _build_ars_recursive; _build_ar; _que_build_ar; _deque_build_ar; _do_ar_annexation; _new_arnode; _free_arnode; _foreach_bl; _gather_ar_gramregs; _proc_interferes; _proc_i_internal; _color_regs; _calc_savings; _chuck_invalid; _calculate_interf_graph; _calculate_adjacency_life; _check_lifes; _allocate_trivially_colorable; _sort_scaledsavings; _sort_fp_regnums; _allocate_tough_ones; _adjacent_got_allocated; _samelife_got_allocated; _any_regs_avail_in_ar; _allocate_ar; _deallocate_ar; _sort_life_thread; _propagate_adr_attribute; _propagate_def_attribute; _assign_regs; _dup_shrunk_ar; _too_cheap_shrink; _do_ar_conservative_annexation; _post_assign_reassign; _allocate_assign_segments; _find_au_in_bl; _is_exactly_loop; _global_worthit; _reg_rewrite; _tree_reg_rewrite; _rewrite_short_addr; _tree_reg_rewrite_seg; _tree_reg_rewrite_seg_recursive; _regpragmas; _in_life; _find_ar; _delete_regarg_intrinsics; _enterloads_exitsaves; _skip_airlocks; _foreach_flow; _update_fp_inregs; _enterloads; _insert_segload_maybe; _exitsaves; _exithack; _exithack_internal; _insert_load; _fold_seg_load; _ins_label; _build_airlock; _buildload; _buildsave; _dgroup_tree; _save_dgroup_maybe; _mark_blocks_gramregs; _build_prreg; _findtrees; _findtrees_internal; _handle_fp_stack_top; _lock_and_dereg; _build_fp_prreg; _color_locals; _loop_scale; _loop_scale2; _ghash_find; _find_const_erseg; _free_some_bits; _build_const_bits; _bcb_recursive_guy; _seg_pseudo_extract_bit; _add_arblset; _checkfor_warnings; _prars; _prarss; _prarsl; _prardex; _prarintrf; _prar
4	compiler_contribution_004 [_assign_regMD, _assign_segregMD, _wanto_reassignMD...]	c:\c6\\cmerge\	0x0001a600	0x0001c720	0x2120	_assign_regMD; _assign_segregMD; _wanto_reassignMD; _reassign_regMD; _reg_classMD; _init_class_countsMD; _Dgroup_for_sureMD; _dont_loadMD; _get_class_countMD; _dec_class_countMD; _mark_reg_statusMD; _get_reg_statusMD; _gramregs_reqMD; _gramregs_reqMD_internal; _seg_is_considered; _reg_interferesMD; _foreach_calleesaveMD; _intrinsic_gramregs; _init_grammarstyle_gramregsMD; _mark_grammarstyle_regMD; _lock_axdxMD; _lock_returnFPregMD; _twiddle_ax_opreturn_bitsMD; _handle_ax_returnMD; _handle_FP0_returnMD; _fp_stack_levelMD; _combine_regsMD; _offsetpartMD; _segpartMD; _Dgroup_trashedMD; _cmp_regvalsMD; _is_seg_regMD; _allocMD; _aligned_okMD; _wrapup_localsMD; _init_localsMD; _is_regargMD; _isthere_proccallMD; _is_ds_lockedMD; _isthere_introrproccallMD; _float_regs_required; _float_expr; _frval_notmp; _frval_int; _adr; _clear_copyval; _fld; _fstp; _prgramregs
5	compiler_contribution_005 [_frame_addr, _segnumtoreg, _relseg_internal...]	c:\c6\\cmerge\	0x0001c720	0x0001f7f0	0x30d0	_frame_addr; _segnumtoreg; _relseg_internal; _relseg; _csrel; _framerel; _mayberelseg; _segpart; _MDlongaddr; _near_address; _skipcv; _md_complex; _mdcanontree; _mdcanonnode; _mbretptr; _farlocal; _cheap_op; _check_predef; _adjust_frame; _set_base; _datalloc; _allotemp; _realign; _redo_locals; _cg_exit; _segconst; _isreallyfloatconst; _findfloatconst; _findfloatconstval; _float_il; _floatconst; _findseg; _sym_is_const; _segment; _create_seg; _newseg; _user_naminseg; _segtable; _segcheck; _read_export; _write_export; _md_blk_asg; _MDlo_part; _MDhi_part; _new_text_seg; _find_seg; _init_current_seg; _write_seg_offs; _all_segregs_lockedMD; _data_in_code; _emit_data_in_code; _save_allocMD; _reset_allocMD; _get_default_blregs; _howcheap; _howcheap_services; _howcheap_internal; _find_foptype; _fptoocheap; _nofloat
6	compiler_contribution_006 [_gettree, _gettree_internal, _tl_to_EBB...]	c:\c6\\cmerge\	0x0001f7f0	0x0002148c	0x1c9c	_gettree; _gettree_internal; _tl_to_EBB; _characteristic; _tree_init; _newnode; _newleaf; _do_allotemp; _clear_leaf_pool; _free_leaf_pool; _foreach_leaf; _prleafpool; _freenode; _isfreenode; _freetree; _unlink_mark; _freechildren; _freehyb; _countnode; _lstcount; _nodestats; _pfreenodes; _getnode; _readc; _new_tl; _tl_count; _addtree; _free_tl; _new_bl; _add_tl; _free_bl; _treewalk; _treewalkp; _blockwalk; _blockwalkp; _tr_insert; _ntr_insert; _tl_insert; _endproc; _endblock; _maketree; _copynode; _copytype; _dupnode
7	compiler_contribution_007 [_cg_canon, _imbed_walk, _linkmarks...]	c:\c6\\cmerge\	0x00021490	0x00026a88	0x55f8	_cg_canon; _imbed_walk; _linkmarks; _construct_clause; _check_exprimbed; _build_shtree; _subexpr_imbed; _ok_to_imbed_here; _enter_assign; _remove_conflicts; _moveto_imlist; _move_assign; _move_imbedded_assign; _deadnode; _dead_store; _count_marks; _find_repl; _calc_vused; _post_imbed_walk; _post_tree_walk; _pushmark; _dummy_mark; _final_walk; _final_walk_of_trees; _final_walk_td; _rewrite_regarg; _flttostruct; _final_walk_bu; _small_mb; _deep_search_opeq; _typetree; _check_opeq; _skipmark; _check_postfix; _is_assigntemp; _eq_xform; _remove_used; _samecvt; _uses_reg; _av_interf; _mark_above_assign; _clear_avlist; _free_assign; _free_interf; _free_shtree; _new_avnode; _new_shnode; _free_some_shnodes; _free_avnode; _free_shnode; _new_il; _free_il; _append_list; _copy_list; _do_enreg; _blenregt; _handle_reg_args; _globcse_stats; _globcse_rewrite; _prshtree; _printerf; _shnode_stats
8	compiler_contribution_008 [_flow, _find_label, _add_caller...]	c:\c6\\cmerge\	0x00026a90	0x00029c28	0x3198	_flow; _find_label; _add_caller; _break_synonyms; _add_label; _transitive_closure_alternates; _transitive_closure_internal; _print_labels; _build_label_map; _coalesce_labels; _dont_coalesce_these; _initialize_lexer; _unget_treelist; _next_treelist; _build_flow_graph; _add_fflow; _add_bflow; _add_flows; _in_flow; _remove_flow; _remove_flow_if; _fixup_labels; _build_DFO; _recursive_DFO; _sort_flow; _flow_count; _break_fallthrough; _transfer_dest; _last_tl; _filter_dead_code; _recursive_all_paths; _free_dead_code; _pack_DFO; _blockmerge_loopupdate; _check_flow; _calc_dom; _find_loops; _src_is_reachable; _src_is_reachable_internal; _collect_tails; _mark_loop_body; _mark_loop_body_internal; _expand_tails; _fixup_tails; _update_tails; _remove_break_blocks; _remove_break_blocks_1loop; _not_parent_loop; _enumerate_DFO; _canonicalize_loops1; _canonicalize_loops2; _is_in_loop; _handle_blkstart_opexit; _print_flow; _print_loop; _print_loop_internal; _print_dom; _init_heap; _new_labelnode; _new_flownode; _free_flownode; _free_bl_flow; _new_loopnode; _free_heap
9	compiler_contribution_009 [_machine_type, _ReserveBxMask, _alloregparams...]	c:\c6\\cmerge\	0x00029c30	0x0002a728	0xaf8	_machine_type; _ReserveBxMask; _alloregparams; _is_huge; _halloc; _new_entry; _far16_tree; _emit_far16
10	compiler_contribution_010 [_confold, _int_arith, _fix_laddr...]	c:\c6\\cmerge\	0x0002a730	0x0002b7b4	0x1084	_confold; _int_arith; _fix_laddr; _float_arith; _const_conv; _fix_pt; _fix_val; _relconf; _relfold; _frelfold; _fltinit
11	compiler_contribution_011 [OVMCHK, OVACHK, OVSCHK]	c:\c6\\cmerge\	0x0002b7c0	0x0002b884	0xc4	OVMCHK; OVACHK; OVSCHK
12	compiler_contribution_012 [_grammar, _clean_prewalk, _lonemark...]	c:\c6\\cmerge\	0x0002b890	0x0002c704	0xe74	_grammar; _clean_prewalk; _lonemark; _del_OPregister_cse; _find_leaf_cse; _prinfo; _grammar_prewalk; _info_offset; _do_grammar; _clear_inreg; _lexpush; _xxerr; _prreglist; _do_pragma; _addsp
13	compiler_contribution_013 [_expand, _eval, _mcond...]	c:\c6\\cmerge\	0x0002c710	0x00030284	0x3b74	_expand; _eval; _mcond; _nox; _alop; _isrc; _isr; _xnew; _xconstrain; _xasg; _xfree; _reg_not_in; _lodseg; _append; _cpylineno; _extrlocal; _regintree; _profiler_code
14	compiler_contribution_014 [_read_pragma_info, _reverse_Otab_sense, _read_comment...]	c:\c6\\cmerge\	0x00030290	0x00030928	0x698	_read_pragma_info; _reverse_Otab_sense; _read_comment; _write_comments
15	compiler_contribution_015 [_canontree, _canonnode, _canons_td...]	c:\c6\\cmerge\	0x00030930	0x000339d0	0x30a0	_canontree; _canonnode; _canons_td; _canons_bu; _hoisttree; _hoistnode; _hoist_td; _hoist_lr; _hoist_bu; _temp_asgn; _asgn_val; _bit_const; _make_maxmin; _const_questop; _trans_questop; _trans_comma; _make_arm; _trans_logical; _notrelop; _relcheck; _rel_to_q; _logical_fold; _do_transform; _vmfunc_transform; _rev_args; _mbreturn; _structparam; _alloc_parms; _hoist; _calc_interfere; _interference; _pop_binaryL; _pop_binaryR
16	compiler_contribution_016 [_emit, _put_operand, _write_sil...]	c:\c6\\cmerge\	0x000339d0	0x0003529c	0x18cc	_emit; _put_operand; _write_sil; _namestring; _sil_proc; _opndattrsize; _emit_line
17	compiler_contribution_017	c:\c6\\cmerge\	0x000352a0	0x000352a0	0x0	
18	compiler_contribution_018 [_crack_cmd, _substr, _getnumber...]	c:\c6\\cmerge\	0x000352a0	0x0003577c	0x4dc	_crack_cmd; _substr; _getnumber; _isita; _tailmatch; _copyover; _unconcat
19	compiler_contribution_019 [_FCMADD, _FCMSUB, _FCMMUL...]	c:\c6\\cmerge\	0x00035780	0x000359d6	0x256	_FCMADD; _FCMSUB; _FCMMUL; _FCMDIV; _FCMCOMPARE
20	compiler_contribution_020 [_FMSIZE, _FMADD, _FMSUB...]	c:\c6\\cmerge\	0x000359e0	0x00035f54	0x574	_FMSIZE; _FMADD; _FMSUB; _FMMUL; _FMDIV; _FMRT_R4; _FMRT_R8; _FMRT_R10; _FMR4_RT; _FMR8_RT; _FMR10_RT; _FMI4_RT; _FMU4_RT; _FMRT_I4; _FMRT_U4; _FMRT_I4R; _FMMIN; _FMMAX; _FMABS; _FMCOMPARE
21	compiler_contribution_021 [_rematch, _findhashnode, _inshashnode...]	c:\c6\\cmerge\	0x00035f60	0x0003d0ec	0x718c	_rematch; _findhashnode; _inshashnode; _rmhashnode; _newru; _freeru; _pushru; _freeuselist; _clearuses; _finduse; _findadruse; _findreguse; _rmuse; _rmusei; _rmbits; _mvuse; _clearbits; _allsaved; _regmap_init; _initMD; _resetMD; _annexlist; _doannex; _reg_find; _reg_pick; _reg_alloc; _reg_build; _numtomap; _rset; _regset; _ea_walk; _ea_set; _ustati; _ustat; _uustat; _set_pref; _reg_assign; _grab_reg; _chgreg; _reg_construct; _reg_this_size; _dereg; _set_rtab; _add_rtab; _lastreg; _get_rtab; _rtop; _checkavail; _lastref; _reg_avail; _reg_steal; _reg_restore; _is_stolen; _reg_occupied; _clearmap; _reguse_refsleft; _regrefsleft; _move_reg; _is_eaopnd; _seg_pos; _ea_free; _freestandard; _freespecial; _freemarknode; _dstrmarknode; _clearcopies; _dstrmark; _freemark; _clear_saved; _ea_freea; _live_inreg; _live_efad; _is_locked; _is_segreg; _constrain_addreg; _constrain_inreg; _rmuseintree; _advancemark; _advanceseq; _dis_inreg; _un_inreg; _dec_refcnt; _nodeintree; _eqnode; _eqreg; _dontspill; _alternative; _checkrematch; _chkupd; _newlyinreg; _upd_busy; _regno; _opndofs; _rew_half; _regstring; _uses_segreg; _spillee; _spiller; _abandon; _spill; _un_inreg_walk; _rew_lmem; _rew_mem; _fix_pair; _fix_halflong; _rew_inreg; _spill_look; _spill_track; _spill_untrack; _clear_effaddr; _spill_reg; _do_spill; _clr_except; _regisin; _spilllist; _loadargs; _InitGlobCSEReg; _SetGlobCSEReg; _IsGlobCSEReg; _FinishGlobCSEInit; _chkmap; _mch; _printreg; _mypreg; _pruse; _dumpreg; _prhashtab; _prhist; _propndi; _propnd
22	compiler_contribution_022 [_FltChr, _FltSize, _maclook...]	c:\c6\\cmerge\	0x0003d0f0	0x0003d5dc	0x4ec	_FltChr; _FltSize; _maclook; _condlook; _mactext; _libname; _opcall; _fop
23	compiler_contribution_023 [_cseopt, _csecheck, _csech0...]	c:\c6\\cmerge\	0x0003d5e0	0x0003f8cc	0x22ec	_cseopt; _csecheck; _csech0; _csech1; _csech2; _loc_hash; _put_mark; _update_lastuses; _rstores; _extr_val; _extr_gval; _rst_find; _csekill; _cse_dkill; _dag_mark; _hash_find; _hash_insert; _syn_find; _asyn_find; _cse_interference; _is_sym_global; _is_global; _safe_local; _unsafe_var; _makeextract; _upd_mark; _ins_mark; _update_flow; _find_par; _csedump; _valdump; _csebvc; _loc_attrib; _glob_hash; _smartdup; _clear_glob_hash; _build_ghash; _build_ghash1; _gkillmsk; _killamask; _extr_extr_mask; _is_altered; _hybvalmatch; _nmduptree; _mduptree
24	compiler_contribution_024 [_dumpstr, _pr_cc, _pr_s...]	c:\c6\\cmerge\	0x0003f8d0	0x000411b4	0x18e4	_dumpstr; _pr_cc; _pr_s; _ov_check; _ov_call; _emit_ov_call; _emit_check; _opnd_check; _reginopnd; _cc_su; _cc_tst; _cc_unsign; _addeq; _noeq; _is_branch; _hi_low; _hireg; _bininst; _genmov; _si_di_setup; _increg; _strcopy; _inc_and_mov; _restore_ds; _setcx; _gen_movs; _set_seg; _put_lea; _pupo; _noexpand; _getlr; _patchname
25	compiler_contribution_025 [_pril, _pri, _xpril...]	c:\c6\\cmerge\	0x000411c0	0x00041e88	0xcc8	_pril; _pri; _xpril; _printnode; _prtl; _prtls; _prbl; _prblinfo; _prbl1s; _prilblk; _dbgprint; _dbgprint_internal; _scr
26	compiler_contribution_026	c:\c6\\cmerge\	0x00041e90	0x00041e90	0x0	
27	compiler_contribution_027 [_is_predefined, _SetNearFarFrame, _getsym...]	c:\c6\\cmerge\	0x00041e90	0x00043cb4	0x1e24	_is_predefined; _SetNearFarFrame; _getsym; _initsym; _init0sym; _symadd; _freesym; _write_symtab; _debugsyms; _param_recurse; _symlook; _prssr; _prsymtab; _newlabel; _newname; _newdummy; _getsmem; _endp2; _ProcessInitBlock; _alloc_init_syms; _getvalues; _helpsym; _chkplmnf; _ail_locsym
28	compiler_contribution_028	c:\c6\\cmerge\	0x00043cc0	0x00043cc0	0x0	
29	compiler_contribution_029 [_pool_init, _getmem, _sgetmem...]	c:\c6\\cmerge\	0x00043cc0	0x00044230	0x570	_pool_init; _getmem; _sgetmem; _pool_malloc; _freemem; _freelst; _palloc; _pstrdup; _cpybuf; _memstats; _mem_print; _poolcount; _mem_check
30	compiler_contribution_030 [_gencode, _genlink, _generate...]	c:\c6\\cmerge\	0x00044230	0x000455f0	0x13c0	_gencode; _genlink; _generate; _rereg; _rerc; _reext; _findchild; _findparent; _child; _parent; _split_mark; _numargs; _refsleft; _foldreg; _indent; _prpnode; _genln; _is_genln
31	compiler_contribution_031	c:\c6\\cmerge\	0x000455f0	0x000455f0	0x0	
32	compiler_contribution_032 [_preg]	c:\c6\\cmerge\	0x000455f0	0x000456c4	0xd4	_preg
33	compiler_contribution_033 [_dumpn, _setc, _perr...]	c:\c6\\cmerge\	0x000456d0	0x000459a8	0x2d8	_dumpn; _setc; _perr; _setflags; _addflag; _conexec; _ifdb; _PANIC; _assertloop; _assert; _assertm; _expect; _prof_start; _prof_end
34	compiler_contribution_034 [_codegen, _tokpush, _tokinit...]	c:\c6\\cmerge\	0x000459b0	0x00046160	0x7b0	_codegen; _tokpush; _tokinit; _xxdump; _get_index; _ppop
35	codegen.c	codegen.c	0x00046160	0x00049dd4	0x3c74	_constrmatch; _addr_spill; _which_reg; _half_const; _oktomultipush; _regtocnstr; _worth_tworeg; _worthit; _doescc; _xxcondition; _xxaction
36	compiler_contribution_036	c:\c6\\cmerge\	0x00049de0	0x00049de0	0x0	
37	compiler_contribution_037 [_chread, _keyread, _shread...]	c:\c6\\cmerge\	0x00049de0	0x0004a2b0	0x4d0	_chread; _keyread; _shread; _loread; _flread; _doread; _rtread; _zsread; _lsread; _lsignore; _buff_check; _il_file; _werr
38	compiler_contribution_038	c:\c6\\cmerge\	0x0004a2b0	0x0004a2b0	0x0	
39	compiler_contribution_039 [_matchtree, _matchtreetypeless, _mtchtree...]	c:\c6\\cmerge\	0x0004a2b0	0x0004b814	0x1564	_matchtree; _matchtreetypeless; _mtchtree; _findtree; _findtree_internal; _lmatchesr; _eqmap; _constant; _datalength; _duptree; _init_tmphead; _maketemp; _treetemp; _treesymtemp; _get_temp; _free_temps; _reuse_temps; _is_local; _eatmark; _ispure; _ispure_nogsrc; _purewart; _makelabel; _noeffect; _noeffect_hoist; _noeffect_tree; _noeffect_optimize; _fruitless; _ovsum; _typer; _bitextract; _bitassign; _prtemps; _makelist; _findnode; _skipcvtmark
40	compiler_contribution_040 [_canon_except, _canon_except_bu, _resetsp...]	c:\c6\\cmerge\	0x0004b820	0x0004c52c	0xd0c	_canon_except; _canon_except_bu; _resetsp; _savesp; _allocsavesp; _unwindcall
41	compiler_contribution_041 [_error, _fatal, _warning...]	c:\c6\\cmerge\	0x0004c530	0x0004c94c	0x41c	_error; _fatal; _warning; _message; _print; _format; _do_format; _close_all
42	compiler_contribution_042 [_chwrite, _shwrite, _keywrite...]	c:\c6\\cmerge\	0x0004c950	0x0004ccc8	0x378	_chwrite; _shwrite; _keywrite; _lowrite; _flwrite; _dowrite; _rtwrite; _zswrite; _lswrite
43	intab.c	intab.c	0x0004ccd0	0x0004ccd0	0x0	
44	i386\chkstk.asm	i386\chkstk.asm	0x0004ccd0	0x0004ccfd	0x2d	__chkstk
45	D:\nt\private\crt32st\lowio\close.c	D:\nt\private\crt32st\lowio\close.c	0x0004cd00	0x0004cd7c	0x7c	__close
46	D:\nt\private\fp32st\tran\i386\ieee87.c	D:\nt\private\fp32st\tran\i386\ieee87.c	0x0004cd8c	0x0004cde0	0x54	__status87; __clear87; __control87
47	D:\nt\private\crt32st\misc\ctype.c	D:\nt\private\crt32st\misc\ctype.c	0x0004cdec	0x0004cdec	0x0	
48	D:\nt\private\crt32st\startup\crt0dat.c	D:\nt\private\crt32st\startup\crt0dat.c	0x0004cdec	0x0004cfa0	0x1b4	__cinit; _exit; __exit; __cexit; __c_exit; doexit; _doinitterm
49	D:\nt\private\crt32st\dos\dosmap.c	D:\nt\private\crt32st\dos\dosmap.c	0x0004cfbe	0x0004d03e	0x80	__dosmaperr
50	i386\crtexcpt.asm	i386\crtexcpt.asm	0x0004d03e	0x0004d0b3	0x75	__except_handler; __global_unwind; __local_unwind
51	D:\nt\private\crt32st\stdio\_filbuf.c	D:\nt\private\crt32st\stdio\_filbuf.c	0x0004d0ca	0x0004d17a	0xb0	__filbuf
52	D:\nt\private\crt32st\stdio\_flsbuf.c	D:\nt\private\crt32st\stdio\_flsbuf.c	0x0004d17a	0x0004d29e	0x124	__flsbuf
53	D:\nt\private\fp32st\conv\fpinit.c	D:\nt\private\fp32st\conv\fpinit.c	0x0004d2aa	0x0004d2ea	0x40	__fpmath; __fpclear; __cfltcvt_init
54	D:\nt\private\fp32st\conv\cvt.c	D:\nt\private\fp32st\conv\cvt.c	0x0004d2ea	0x0004d83e	0x554	__forcdecpt; __cropzeros; __positive; __fassign; __cftoe; _cftoe_g; __cftof; _cftof_g; __cftog; __cfltcvt; _shift
55	D:\nt\private\fp32st\conv\i386\atold.c	D:\nt\private\fp32st\conv\i386\atold.c	0x0004d84a	0x0004d86e	0x24	__atold
56	D:\nt\private\fp32st\conv\strgtold.c	D:\nt\private\fp32st\conv\strgtold.c	0x0004d87a	0x0004de36	0x5bc	___STRINGTOLD
57	D:\nt\private\fp32st\conv\mantold.c	D:\nt\private\fp32st\conv\mantold.c	0x0004de3a	0x0004e0ae	0x274	___addl; ___add_12; ___shl_12; ___shr_12; ___mtold12
58	D:\nt\private\fp32st\conv\tenpow.c	D:\nt\private\fp32st\conv\tenpow.c	0x0004e0ba	0x0004e3aa	0x2f0	___ld12mul; ___multtenpow12
59	D:\nt\private\crt32st\misc\cmiscdat.c	D:\nt\private\crt32st\misc\cmiscdat.c	0x0004e3aa	0x0004e3aa	0x0	
60	D:\nt\private\fp32st\conv\cfout.c	D:\nt\private\fp32st\conv\cfout.c	0x0004e3aa	0x0004e41a	0x70	__fltout
61	D:\nt\private\fp32st\conv\x10fout.c	D:\nt\private\fp32st\conv\x10fout.c	0x0004e41a	0x0004e7c2	0x3a8	_$I10_OUTPUT
62	D:\nt\private\fp32st\conv\ldtod.c	D:\nt\private\fp32st\conv\ldtod.c	0x0004e7ca	0x0004ea36	0x26c	___dtold; ___ldtod
63	D:\nt\private\crt32st\convert\_fptostr.c	D:\nt\private\crt32st\convert\_fptostr.c	0x0004ea3a	0x0004eaca	0x90	__fptostr
64	D:\nt\private\crt32st\startup\crt0fp.c	D:\nt\private\crt32st\startup\crt0fp.c	0x0004eaca	0x0004ead6	0xc	__fptrap
65	D:\nt\private\crt32st\startup\crt0.c	D:\nt\private\crt32st\startup\crt0.c	0x0004eada	0x0004ec86	0x1ac	_mainCRTStartup; inherit; __amsg_exit
66	D:\nt\private\crt32st\startup\crt0msg.c	D:\nt\private\crt32st\startup\crt0msg.c	0x0004eca8	0x0004ed3c	0x94	__FF_MSGBANNER; __NMSG_WRITE
67	D:\nt\private\crt32st\lowio\osfinfo.c	D:\nt\private\crt32st\lowio\osfinfo.c	0x0004ed4e	0x0004ef6a	0x21c	__alloc_osfhnd; __set_osfhnd; __free_osfhnd; __get_osfhandle; __open_osfhandle
68	D:\nt\private\crt32st\stdio\_getbuf.c	D:\nt\private\crt32st\stdio\_getbuf.c	0x0004ef74	0x0004efc4	0x50	__getbuf
69	D:\nt\private\crt32st\stdio\fflush.c	D:\nt\private\crt32st\stdio\fflush.c	0x0004efc4	0x0004f120	0x15c	_fflush; __flush; __flushall; flsall; __endstdio
70	D:\nt\private\crt32st\lowio\commit.c	D:\nt\private\crt32st\lowio\commit.c	0x0004f124	0x0004f194	0x70	__commit
71	D:\nt\private\crt32st\stdio\closeall.c	D:\nt\private\crt32st\stdio\closeall.c	0x0004f19a	0x0004f1ca	0x30	__fcloseall
72	D:\nt\private\crt32st\heap\heapinit.c	D:\nt\private\crt32st\heap\heapinit.c	0x0004f1ca	0x0004f22a	0x60	__heap_init; __heap_grow_emptylist
73	D:\nt\private\crt32st\heap\hpabort.c	D:\nt\private\crt32st\heap\hpabort.c	0x0004f230	0x0004f23c	0xc	__heap_abort
74	D:\nt\private\crt32st\stdio\_file.c	D:\nt\private\crt32st\stdio\_file.c	0x0004f240	0x0004f240	0x0	
75	D:\nt\private\crt32st\lowio\isatty.c	D:\nt\private\crt32st\lowio\isatty.c	0x0004f240	0x0004f264	0x24	__isatty
76	D:\nt\private\crt32st\lowio\lseek.c	D:\nt\private\crt32st\lowio\lseek.c	0x0004f270	0x0004f2ec	0x7c	__lseek
77	D:\nt\private\fp32st\conv\constpow.c	D:\nt\private\fp32st\conv\constpow.c	0x0004f2f6	0x0004f2f6	0x0	
78	D:\nt\private\crt32st\lowio\read.c	D:\nt\private\crt32st\lowio\read.c	0x0004f2f6	0x0004f52e	0x238	__read
79	D:\nt\private\crt32st\startup\stdargv.c	D:\nt\private\crt32st\startup\stdargv.c	0x0004f53c	0x0004f754	0x218	__setargv; parse_cmdline
80	D:\nt\private\crt32st\startup\stdenvp.c	D:\nt\private\crt32st\startup\stdenvp.c	0x0004f762	0x0004f866	0x104	__setenvp
81	D:\nt\private\crt32st\string\strdup.c	D:\nt\private\crt32st\string\strdup.c	0x0004f872	0x0004f8ce	0x5c	__strdup
82	D:\nt\private\crt32st\string\strupr.c	D:\nt\private\crt32st\string\strupr.c	0x0004f8d2	0x0004f8f6	0x24	__strupr
83	D:\nt\private\crt32st\lowio\write.c	D:\nt\private\crt32st\lowio\write.c	0x0004f902	0x0004fafe	0x1fc	__write
84	D:\nt\private\crt32st\convert\atof.c	D:\nt\private\crt32st\convert\atof.c	0x0004fb02	0x0004fb46	0x44	_atof
85	D:\nt\private\fp32st\conv\cfin.c	D:\nt\private\fp32st\conv\cfin.c	0x0004fb52	0x0004fc22	0xd0	__fltin
86	D:\nt\private\crt32st\convert\atox.c	D:\nt\private\crt32st\convert\atox.c	0x0004fc22	0x0004fcaa	0x88	_atol; _atoi
87	compiler_contribution_087 [_tablook, _looktab]	c:\c6\\cmerge\	0x0004fcb2	0x0004fd0a	0x58	_tablook; _looktab
88	compiler_contribution_088 [_loop_opt, _only_once, _dom...]	c:\c6\\cmerge\	0x0004fd12	0x00055492	0x5780	_loop_opt; _only_once; _dom; _iter_dom; _exit_dom; _is_outer; _tree_dom; _jmp_dom; _loop_type; _long_lp_cnt; _invar_chk; _is_invar; _invariants; _inv_tree; _lift_inv; _find_op; _cheap_invar; _induc_chk; _only_assign; _addinduc; _freeinduc; _addreduc; _is_induc; _is_vinduc; _strn_reduce; _find_reduc; _do_reduc; _reduc_filter; _namediff; _make_addop; _can_fold_induc; _addinind; _makeloopcnt; _blkmove; _bm_induc_expr; _chk_depend; _rminduc; _dead_on_exit; _incr_val; _ind_remove; _lftr; _upper_bnd_ok; _cvt_to_lcnt; _dead_loop; _loop_remove; _remove_blk; _remove_blk_flow; _loop_cleanup; _header_cse; _undagify; _undag1; _head_cprop; _tl_of; _bl_of; _ghashdump; _prghbit; _prbbv; _prbdom; _prfg; _prflow; _prinduc; _inddump; _prreduc; _reddump; _prloop; _bvtally; _global_opt; _grstores; _gcprop; _gcse; _gcprop_tr; _gcse1; _gcse2; _find_cp_srcs; _find_init; _last_asg; _addmark; _no_mark; _fixbits; _fixbits1; _clear_visited; _fixbits2; _unfixbits; _gh_enter; _hgh_enter; _gh_fix; _hoist_glob_marks; _bits_of; _nmoptimize; _extend_bvs; _calc_alt; _calc_pant; _p_uminus; _calc_lpant; _lp_uminus; _calc_ss; _ss_uminus; _calc_pcomm; _calc_av; _calc_ant
89	compiler_contribution_089 [_children0, _children]	c:\c6\\cmerge\	0x00055492	0x000555f2	0x160	_children0; _children
90	compiler_contribution_090 [_init_NDP, _init_fpcache, _set_fpreg_tolock...]	c:\c6\\cmerge\	0x000555f2	0x000579aa	0x23b8	_init_NDP; _init_fpcache; _set_fpreg_tolock; _set_fpreg_toclr; _find_fp; _find_fp_reg; _kick_NDP; _fld_fpreg; _fld_regvar; _pop_fpreg; _commit_fp; _clearmap_fp; _reflreg; _do_reflreg; _rew_extrmem; _handle_firstreg; _ffree_map; _fxch_map; _ndp_level; _patch_fpregs; _hi_fp; _next_fp; _fixdfpreg; _is_fpreg; _do_fpspill; _newunl; _freeunl; _pushunl; _popunl; _unloadfp; _reloadfp; _spill_enregd_var; _spill_base; _reload_all_enregd_vars; _reload_fpregvar; _sort_fpregs; _enregd_level; _spill_partial; _c_fstp; _c_fldt; _c_fxch; _c_fdup; _c_fld_reg; _c_ffree; _c_fldz; _c_fstp0; _c_fst; _c_soft_fls; _is_inorder; _prfpreg; _dfpreg; _drv; _sanity_check_fpregs; _dunlstack
91	compiler_contribution_091 [_cnstrpush, _cnstrpop, _constr...]	c:\c6\\cmerge\	0x000579b2	0x000580e2	0x730	_cnstrpush; _cnstrpop; _constr; _constrdepth; _constrindex; _shorten; _maybereg; _maybeimmed; _doesnt_force; _comma_is; _needs_ax; _wants_ax; _is_mconst; _notemp; _maybe_half; _is_ndreg; _is_anyndreg; _is_ndreg_internal; _colonpush
92	compiler_contribution_092 [_convert, _coerce, _max_type...]	c:\c6\\cmerge\	0x000580e2	0x0005934a	0x1268	_convert; _coerce; _max_type; _remove_longaddr; _typenode; _typeintrinsicarg
93	compiler_contribution_093 [_reserve_reg, _toocheap, _cheapmode...]	c:\c6\\cmerge\	0x00059352	0x00059a26	0x6d4	_reserve_reg; _toocheap; _cheapmode; _regsize; _constrain
94	compiler_contribution_094 [_sucomp, _order, _ltor...]	c:\c6\\cmerge\	0x00059a32	0x0005a3fa	0x9c8	_sucomp; _order; _ltor; _rtol; _rtol2; _cqdef_update; _cqref_update; _numinregs; _sufuncalc
95	compiler_contribution_095 [_type_args, _node_len, _new_op...]	c:\c6\\cmerge\	0x0005a402	0x0005b802	0x1400	_type_args; _node_len; _new_op; _freeargs; _find_temp; _build_lentree; _attach_len; _do_intrinsic; _hoist_before_intrinsic; _in_hst; _in_cc; _is_icall; _in_name
96	compiler_contribution_096 [_expandMD, _mcondMD, _leamult...]	c:\c6\\cmerge\	0x0005b802	0x0005db3a	0x2338	_expandMD; _mcondMD; _leamult; _multcon; _multshift; _lea_or_mov; _sbbtrick; _shifttricks; _helper_size; _generate_vcall_thunk
97	compiler_contribution_097	c:\c6\\cmerge\	0x0005db42	0x0005db42	0x0	
98	D:\nt\private\crt32st\stdio\fclose.c	D:\nt\private\crt32st\stdio\fclose.c	0x0005db42	0x0005dc1e	0xdc	_fclose
99	D:\nt\private\crt32st\stdio\_freebuf.c	D:\nt\private\crt32st\stdio\_freebuf.c	0x0005dc22	0x0005dc52	0x30	__freebuf
100	D:\nt\private\crt32st\convert\xtoa.c	D:\nt\private\crt32st\convert\xtoa.c	0x0005dc52	0x0005dd32	0xe0	xtoa; __itoa; __ltoa; __ultoa
101	D:\nt\private\crt32st\dos\unlink.c	D:\nt\private\crt32st\dos\unlink.c	0x0005dd32	0x0005dd7e	0x4c	_remove; __unlink
102	D:\nt\private\crt32st\stdio\fopen.c	D:\nt\private\crt32st\stdio\fopen.c	0x0005dd88	0x0005ddbc	0x34	__fsopen; _fopen
103	D:\nt\private\crt32st\stdio\stream.c	D:\nt\private\crt32st\stdio\stream.c	0x0005ddc8	0x0005de08	0x40	__getstream
104	D:\nt\private\crt32st\stdio\_open.c	D:\nt\private\crt32st\stdio\_open.c	0x0005de08	0x0005df34	0x12c	__openfile
105	D:\nt\private\crt32st\stdio\ncommode.c	D:\nt\private\crt32st\stdio\ncommode.c	0x0005df38	0x0005df38	0x0	
106	D:\nt\private\crt32st\lowio\open.c	D:\nt\private\crt32st\lowio\open.c	0x0005df38	0x0005e240	0x308	__open; __sopen
107	D:\nt\private\crt32st\dos\access.c	D:\nt\private\crt32st\dos\access.c	0x0005e25a	0x0005e2b2	0x58	__access
108	D:\nt\private\crt32st\lowio\chsize.c	D:\nt\private\crt32st\lowio\chsize.c	0x0005e2ba	0x0005e406	0x14c	__chsize
109	D:\nt\private\crt32st\lowio\setmode.c	D:\nt\private\crt32st\lowio\setmode.c	0x0005e40a	0x0005e48e	0x84	__setmode
110	D:\nt\private\crt32st\stdio\fprintf.c	D:\nt\private\crt32st\stdio\fprintf.c	0x0005e49a	0x0005e4d6	0x3c	_fprintf
111	D:\nt\private\crt32st\stdio\_sftbuf.c	D:\nt\private\crt32st\stdio\_sftbuf.c	0x0005e4da	0x0005e5c2	0xe8	__stbuf; __ftbuf
112	D:\nt\private\crt32st\stdio\output.c	D:\nt\private\crt32st\stdio\output.c	0x0005e5ca	0x0005ee06	0x83c	__output; write_char; write_multi_char; write_string; write_wstring; get_int_arg; get_long_arg
113	D:\nt\private\crt32st\stdio\fread.c	D:\nt\private\crt32st\stdio\fread.c	0x0005ee0a	0x0005ef26	0x11c	_fread
114	D:\nt\private\crt32st\heap\free.c	D:\nt\private\crt32st\heap\free.c	0x0005ef2a	0x0005ef8e	0x64	_free
115	D:\nt\private\crt32st\stdio\fseek.c	D:\nt\private\crt32st\stdio\fseek.c	0x0005ef9a	0x0005f01e	0x84	_fseek
116	D:\nt\private\crt32st\stdio\ftell.c	D:\nt\private\crt32st\stdio\ftell.c	0x0005f02a	0x0005f186	0x15c	_ftell
117	D:\nt\private\crt32st\stdio\fwrite.c	D:\nt\private\crt32st\stdio\fwrite.c	0x0005f18a	0x0005f2ce	0x144	_fwrite
118	compiler_contribution_118 [_get_err, _get_msg, _get_message...]	c:\c6\\cmerge\	0x0005f2da	0x0005f55e	0x284	_get_err; _get_msg; _get_message; _get_int; _mark_pos; _nearest
119	D:\nt\private\crt32st\stdio\fgets.c	D:\nt\private\crt32st\stdio\fgets.c	0x0005f56a	0x0005f5ee	0x84	_fgets
120	compiler_contribution_120 [_getattrib, _do_type, _p2type]	c:\c6\\cmerge\	0x0005f5fa	0x0005fde2	0x7e8	_getattrib; _do_type; _p2type
121	D:\nt\private\crt32st\misc\getenv.c	D:\nt\private\crt32st\misc\getenv.c	0x0005fdea	0x0005fe62	0x78	_getenv
122	compiler_contribution_122 [_optimize, _walk_canon, _walk_peeps...]	c:\c6\\cmerge\	0x0005fe6a	0x0006404e	0x41e4	_optimize; _walk_canon; _walk_peeps; _walk_fact; _walk_fixup; _opt_canon; _distrib; _push_invert; _neg_const; _push_convert; _pop_convert; _pop_it; _less_precise; _in_range; _opt_vfact; _fact_var; _fact_vmult; _fact_vexp; _exp_build; _opt_cfact; _fact_const; _rem_const; _div_const; _fact_split; _rem_split; _fact_unary; _fact_xor; _zap_var; _zap_vwalk; _opt_peeps; _zap_cwalk; _opt_band; _fold_shift; _band_val; _rep_const; _opt_fixup; _pop_unary; _pop_binary; _fold_name; _local_fold_neg; _fold_neg; _fold_neg_hack; _nice_neg; _fold_compl; _fold_invert; _const_sign; _is_pos; _nop_val; _nop_const; _shrink_val; _int_const; _is_const; _new_const; _StoM; _log2; _pushU; _pushL; _pushR; _pushLR; _popL; _popR; _popLR; _freeL; _freeR; _freeS; _skip1cv
123	D:\nt\private\crt32st\heap\malloc.c	D:\nt\private\crt32st\heap\malloc.c	0x00064060	0x00064154	0xf4	_malloc; __heap_split_block
124	D:\nt\private\crt32st\heap\heapgrow.c	D:\nt\private\crt32st\heap\heapgrow.c	0x00064160	0x00064388	0x228	__heap_grow; _heap_new_region; __heap_grow_region; __heap_free_region
125	D:\nt\private\crt32st\heap\heapadd.c	D:\nt\private\crt32st\heap\heapadd.c	0x00064396	0x0006462a	0x294	__heapadd; __heap_addblock; _before
126	D:\nt\private\crt32st\heap\findaddr.c	D:\nt\private\crt32st\heap\findaddr.c	0x00064636	0x000646aa	0x74	__heap_findaddr
127	D:\nt\private\crt32st\heap\heapsrch.c	D:\nt\private\crt32st\heap\heapsrch.c	0x000646b6	0x000647ce	0x118	__heap_search
128	compiler_contribution_128 [_mem_size]	c:\c6\\cmerge\	0x000647d6	0x000647e2	0xc	_mem_size
129	D:\nt\private\crt32st\string\memchr.c	D:\nt\private\crt32st\string\memchr.c	0x000647e6	0x0006481e	0x38	_memchr
130	D:\nt\private\crt32st\string\memcpy.c	D:\nt\private\crt32st\string\memcpy.c	0x00064826	0x00064852	0x2c	_memcpy
131	D:\nt\private\crt32st\string\memmove.c	D:\nt\private\crt32st\string\memmove.c	0x00064856	0x000648ae	0x58	_memmove
132	D:\nt\private\crt32st\string\memset.c	D:\nt\private\crt32st\string\memset.c	0x000648b6	0x000648e2	0x2c	_memset
133	compiler_contribution_133 [_op_size, _c_size, _ea_size...]	c:\c6\\cmerge\	0x000648e6	0x0006560e	0xd28	_op_size; _c_size; _ea_size; _imm_size; _sign_extend
134	compiler_contribution_134 [_our_ltoa]	c:\c6\\cmerge\	0x00065616	0x0006568a	0x74	_our_ltoa
135	D:\nt\private\crt32st\stdio\printf.c	D:\nt\private\crt32st\stdio\printf.c	0x00065696	0x000656d6	0x40	_printf
136	compiler_contribution_136 [_sumaxset, _susumset, _suconflict...]	c:\c6\\cmerge\	0x000656d6	0x00065eba	0x7e4	_sumaxset; _susumset; _suconflict; _suheuristics; _sutovect; _suhoru; _suheld; _suuses; _sufun; _regtosuv; _cnsttovect; _suinit; _setavail; _prsuvect
137	compiler_contribution_137 [_sorttree, _skipcvt, _compute_complexity...]	c:\c6\\cmerge\	0x00065ec6	0x000663aa	0x4e4	_sorttree; _skipcvt; _compute_complexity; _sortassoc; _sortcomm; _sortswap; _relopposite
138	D:\nt\private\crt32st\stdio\setbuf.c	D:\nt\private\crt32st\stdio\setbuf.c	0x000663b6	0x000663da	0x24	_setbuf
139	D:\nt\private\crt32st\stdio\setvbuf.c	D:\nt\private\crt32st\stdio\setvbuf.c	0x000663ec	0x000664b0	0xc4	_setvbuf
140	D:\nt\private\crt32st\stdio\sprintf.c	D:\nt\private\crt32st\stdio\sprintf.c	0x000664bc	0x00066528	0x6c	_sprintf
141	D:\nt\private\crt32st\stdio\sscanf.c	D:\nt\private\crt32st\stdio\sscanf.c	0x0006652c	0x00066574	0x48	_sscanf
142	D:\nt\private\crt32st\stdio\input.c	D:\nt\private\crt32st\stdio\input.c	0x0006657c	0x00066e3c	0x8c0	__input; _hextodec; _inc; _un_inc; _whiteout
143	D:\nt\private\crt32st\string\strcat.c	D:\nt\private\crt32st\string\strcat.c	0x00066e3c	0x00066e80	0x44	_strcat; _strcpy
144	D:\nt\private\crt32st\string\strcmp.c	D:\nt\private\crt32st\string\strcmp.c	0x00066e8c	0x00066ed0	0x44	_strcmp
145	D:\nt\private\crt32st\string\strlen.c	D:\nt\private\crt32st\string\strlen.c	0x00066edc	0x00066ef4	0x18	_strlen
146	D:\nt\private\crt32st\string\strncmp.c	D:\nt\private\crt32st\string\strncmp.c	0x00066efc	0x00066f30	0x34	_strncmp
147	compiler_contribution_147 [_caseindex, _cnt_cases, _gencase...]	c:\c6\\cmerge\	0x00066f3c	0x00068428	0x14ec	_caseindex; _cnt_cases; _gencase; _emit_label; _linearsearch; _jumptable; _binsearch; _switch_code; _switches; _num_common; _scale_switch; _split; _divide; _reattach; _num_const_diff; _scale_multi_switch; _determine_scalability; _tweak_multi_arm; _signed_short; _order_on_order; _reorder; _collect_cases; _show; _card
148	compiler_contribution_148 [_emit_jmp, _emit_jumptable, _emit_bcc...]	c:\c6\\cmerge\	0x0006842c	0x000693b8	0xf8c	_emit_jmp; _emit_jumptable; _emit_bcc; _emit_div; _emit_sub; _emit_cmp; _emit_push; _emit_pop; _emit_shift; _init_reg_cond; _switch_use_reg; _switch_free_reg; _switch_choose_reg; _adjust_reg; _emit_mask
149	x.c	x.c	0x000693bc	0x000693bc	0x0	
150	D:\nt\private\crt32st\stdio\ungetc.c	D:\nt\private\crt32st\stdio\ungetc.c	0x000693bc	0x00069428	0x6c	_ungetc
151	D:\nt\private\crt32st\stdio\vprintf.c	D:\nt\private\crt32st\stdio\vprintf.c	0x0006942c	0x0006946c	0x40	_vprintf
152	xs.c	xs.c	0x0006946c	0x0006946c	0x0	
